Nominal Division,Nominal Region,Month & Year,Total Active Headcount,Total Active FTE,Gender,Age (groups),Nominal RM Resource Model,Nominal Leadership Flag,Nominal_master_KPI_ID,Annual Report Catego,Total Ordinary Hours,Excess_ADO_Leave,Excess_ANN_Leave,Sum of ANN Total Hours,Sum of ADO Total Hours,Sum of Productive,Sum of Workcover,Sum of Personal leave
People and Culture,Metro,24-Nov,1,1,F,>65,Non-RM,Y,People and CultureMetroNov 2024>65FNon-RMYOMPA,OMPA,152,35.44,2.53,154.53,73.44,109.2,,16
Regional Operations,Gippsland,24-Nov,1,1,F,>65,OTHER,Y,Regional OperationsGippslandNov 2024>65FOTHERYOSM,OSM,152,56.31,15.02,205.02,63.91,129.2,,
Quality and Clinical Innovation,Metro,24-Nov,1,1,F,Other,,Y,Quality and Clinical InnovationMetroNov 2024OtherFYOMPA,OMPA,152,113.72,67.98,219.98,121.32,133,,
Regional Operations,Metro,24-Nov,1,1,F,Other,,Y,Regional OperationsMetroNov 2024OtherFYOMPA,OMPA,152,248.9,341.79,493.79,256.5,144.4,,
Regional Operations,Metro,24-Nov,1,1,F,Other,,Y,Regional OperationsMetroNov 2024OtherFYOSM,OSM,152,0,118.58,308.58,0,144.4,,
Strategy and Engagement,Metro,24-Nov,1,1,F,Other,,Y,Strategy and EngagementMetroNov 2024OtherFYOMPA,OMPA,152,0,7.8,197.8,0,7.6,,136.8
Regional Operations,Gippsland,24-Nov,1,1,F,Other,MICA,Y,Regional OperationsGippslandNov 2024OtherFMICAYORCS,ORCS,152,1.44,-5.94,-5.94,39.44,194,,14
Regional Operations,Metro 1 Region,24-Nov,5,5,F,Other,MICA,Y,Regional OperationsMetro 1 RegionNov 2024OtherFMICAYORCS,ORCS,760,418.82,0,718.91,576.45,497.75,24,164
Business Technology and Programs,Metro,24-Nov,17,17,F,Other,Non-RM,Y,Business Technology and ProgramsMetroNov 2024OtherFNon-RMYOMPA,OMPA,2584,758.21,676.81,2713.12,879.81,1925.5,,99.5
Business Technology and Programs,Metro,24-Nov,1,1,F,Other,Non-RM,Y,Business Technology and ProgramsMetroNov 2024OtherFNon-RMYOSM,OSM,152,4.77,0,95.54,12.37,101.1,,24
Chief Executive,Metro,24-Nov,6,5.73,F,Other,Non-RM,Y,Chief ExecutiveMetroNov 2024OtherFNon-RMYOMPA,OMPA,870.96,465.88,398.33,1105.06,503.88,757.1,,86.5
Chief Executive,Metro,24-Nov,3,3,F,Other,Non-RM,Y,Chief ExecutiveMetroNov 2024OtherFNon-RMYOSM,OSM,456,73.61,0,287.52,96.41,325.8,,30.7
Enterprise Services,Grampians,24-Nov,5,5,F,Other,Non-RM,Y,Enterprise ServicesGrampiansNov 2024OtherFNon-RMYOMPA,OMPA,760,106.11,355.35,1096.66,144.11,636.6,,55
Enterprise Services,Metro,24-Nov,14,13.44,F,Other,Non-RM,Y,Enterprise ServicesMetroNov 2024OtherFNon-RMYOMPA,OMPA,2042.88,796.12,988.37,2819.79,879.72,1499.54,,100
Enterprise Services,Metro,24-Nov,1,1,F,Other,Non-RM,Y,Enterprise ServicesMetroNov 2024OtherFNon-RMYOSM,OSM,152,120.66,122.17,274.17,128.26,126.4,,
People and Culture,Grampians,24-Nov,1,1,F,Other,Non-RM,Y,People and CultureGrampiansNov 2024OtherFNon-RMYOMPA,OMPA,152,58.9,0,129.78,66.5,83.6,,
People and Culture,Grampians,24-Nov,2,2,F,Other,Non-RM,Y,People and CultureGrampiansNov 2024OtherFNon-RMYOSM,OSM,304,135.41,233.2,537.2,150.61,242.8,,8
People and Culture,Metro,24-Nov,17,16.01,F,Other,Non-RM,Y,People and CultureMetroNov 2024OtherFNon-RMYOMPA,OMPA,2433.52,1623.38,2582.86,4721.92,1714.58,1901.11,,140.28
People and Culture,Metro,24-Nov,2,2,F,Other,Non-RM,Y,People and CultureMetroNov 2024OtherFNon-RMYOSM,OSM,304,179.73,229.28,533.28,194.93,266,,
Quality and Clinical Innovation,Grampians,24-Nov,1,1,F,Other,Non-RM,Y,Quality and Clinical InnovationGrampiansNov 2024OtherFNon-RMYOSM,OSM,152,10.56,2.28,154.28,18.16,136.8,,
Quality and Clinical Innovation,Metro,24-Nov,10,9.43,F,Other,Non-RM,Y,Quality and Clinical InnovationMetroNov 2024OtherFNon-RMYOMPA,OMPA,1433.36,584.8,807.17,1799.33,638,1184.62,76,24
Quality and Clinical Innovation,Metro,24-Nov,4,3.8,F,Other,Non-RM,Y,Quality and Clinical InnovationMetroNov 2024OtherFNon-RMYOSM,OSM,577.6,49.02,164.41,668.99,69.82,472.72,,31.6
Regional Operations,Hume,24-Nov,1,1,F,Other,Non-RM,Y,Regional OperationsHumeNov 2024OtherFNon-RMYOSM,OSM,152,93.38,3.69,193.69,100.98,,,
Regional Operations,Metro,24-Nov,1,1,F,Other,Non-RM,Y,Regional OperationsMetroNov 2024OtherFNon-RMYOSM,OSM,152,20.9,19.1,209.1,28.5,129.2,,
Specialist Operations and Coordination,Metro,24-Nov,2,1.5,F,Other,Non-RM,Y,Specialist Operations and CoordinationMetroNov 2024OtherFNon-RMYOMPA,OMPA,228,89.6,611.15,896.15,97.2,178.6,,
Specialist Operations and Coordination,Metro,24-Nov,4,3.52,F,Other,Non-RM,Y,Specialist Operations and CoordinationMetroNov 2024OtherFNon-RMYOSM,OSM,535.04,340.02,635.57,1261.75,362.82,95.8,,139.5
Strategy and Engagement,Metro,24-Nov,11,10.04,F,Other,Non-RM,Y,Strategy and EngagementMetroNov 2024OtherFNon-RMYOMPA,OMPA,1526.08,336.21,367.9,1499.98,389.41,1072.13,,175.6
Enterprise Services,Metro,24-Nov,4,4,F,Other,OTHER,Y,Enterprise ServicesMetroNov 2024OtherFOTHERYOMPA,OMPA,608,735.04,300.02,1036.57,765.44,556.7,,1.5
Quality and Clinical Innovation,Metro,24-Nov,1,1,F,Other,OTHER,Y,Quality and Clinical InnovationMetroNov 2024OtherFOTHERYOMPA,OMPA,152,190.75,81.53,233.53,198.35,136.8,,
Quality and Clinical Innovation,Metro,24-Nov,1,1,F,Other,OTHER,Y,Quality and Clinical InnovationMetroNov 2024OtherFOTHERYOSM,OSM,152,5.47,63.38,215.38,13.07,134.4,,
Regional Operations,Gippsland,24-Nov,1,1,F,Other,OTHER,Y,Regional OperationsGippslandNov 2024OtherFOTHERYOSM,OSM,152,209.23,13.4,203.4,216.83,152,,
Regional Operations,Grampians,24-Nov,1,1,F,Other,OTHER,Y,Regional OperationsGrampiansNov 2024OtherFOTHERYOSM,OSM,152,96.18,0,130.97,103.78,135.4,,
Regional Operations,Loddon Mallee,24-Nov,2,2,F,Other,OTHER,Y,Regional OperationsLoddon MalleeNov 2024OtherFOTHERYOSM,OSM,304,218.42,135.96,515.96,233.62,258.4,,
Regional Operations,Metro,24-Nov,1,1,F,Other,OTHER,Y,Regional OperationsMetroNov 2024OtherFOTHERYOSM,OSM,152,68.59,0,141.51,76.19,,,
Regional Operations,Metro 1 Region,24-Nov,2,2,F,Other,OTHER,Y,Regional OperationsMetro 1 RegionNov 2024OtherFOTHERYOSM,OSM,304,189.75,173.26,409.25,204.95,117.6,,102.8
Regional Operations,Metro 2 Region,24-Nov,2,2,F,Other,OTHER,Y,Regional OperationsMetro 2 RegionNov 2024OtherFOTHERYOSM,OSM,304,378.04,301.6,621.14,393.24,,152,152
Specialist Operations and Coordination,Grampians,24-Nov,1,1,F,Other,OTHER,Y,Specialist Operations and CoordinationGrampiansNov 2024OtherFOTHERYOSM,OSM,152,202.87,0,102.6,210.47,129.2,,
Specialist Operations and Coordination,Metro,24-Nov,1,1,F,Other,OTHER,Y,Specialist Operations and CoordinationMetroNov 2024OtherFOTHERYOMPA,OMPA,152,265.26,24.66,214.66,272.86,-15.6,,160
Specialist Operations and Coordination,Metro,24-Nov,1,0.5,F,Other,OTHER,Y,Specialist Operations and CoordinationMetroNov 2024OtherFOTHERYOSM,OSM,76,19.64,0,2.19,19.64,,,
People and Culture,Metro,24-Nov,1,1,F,Other,QAP,Y,People and CultureMetroNov 2024OtherFQAPYOSM,OSM,152,120.09,167.75,357.75,127.69,-7.6,,152
Quality and Clinical Innovation,Metro,24-Nov,1,1,F,Other,QAP,Y,Quality and Clinical InnovationMetroNov 2024OtherFQAPYOSM,OSM,152,61.29,78.02,382.02,99.29,,,
Regional Operations,Barwon South West,24-Nov,6,6,F,Other,QAP,Y,Regional OperationsBarwon South WestNov 2024OtherFQAPYORCS,ORCS,912,397.71,0,859.02,569.24,558.17,16,25
Regional Operations,Barwon South West,24-Nov,4,4,F,Other,QAP,Y,Regional OperationsBarwon South WestNov 2024OtherFQAPYOSM,OSM,608,46.26,16.36,636.41,162.42,422.17,,130
Regional Operations,Gippsland,24-Nov,9,8.62,F,Other,QAP,Y,Regional OperationsGippslandNov 2024OtherFQAPYORCS,ORCS,1310.24,594.1,0,1362.05,784.24,731.77,,138
Regional Operations,Gippsland,24-Nov,4,4,F,Other,QAP,Y,Regional OperationsGippslandNov 2024OtherFQAPYOSM,OSM,608,78.3,0,507.17,201.8,329.33,,6
Regional Operations,Grampians,24-Nov,2,2,F,Other,QAP,Y,Regional OperationsGrampiansNov 2024OtherFQAPYORCS,ORCS,304,50.53,0,179.71,124.65,110,,40
Regional Operations,Grampians,24-Nov,4,4,F,Other,QAP,Y,Regional OperationsGrampiansNov 2024OtherFQAPYOSM,OSM,608,-7.77,0,540.28,14.67,188.58,240,36.42
Regional Operations,Hume,24-Nov,5,5,F,Other,QAP,Y,Regional OperationsHumeNov 2024OtherFQAPYORCS,ORCS,760,90.06,50.34,742.64,255.42,252.25,152,43
Regional Operations,Hume,24-Nov,5,5,F,Other,QAP,Y,Regional OperationsHumeNov 2024OtherFQAPYOSM,OSM,760,150.48,0,615.03,302.48,462.75,,10
Regional Operations,Loddon Mallee,24-Nov,4,4,F,Other,QAP,Y,Regional OperationsLoddon MalleeNov 2024OtherFQAPYORCS,ORCS,608,211.27,0,411.71,283.63,274.82,,65
Regional Operations,Loddon Mallee,24-Nov,6,6,F,Other,QAP,Y,Regional OperationsLoddon MalleeNov 2024OtherFQAPYOSM,OSM,912,280.05,0,750.63,470.05,667.02,,32.25
Regional Operations,Metro 1 Region,24-Nov,15,14.8,F,Other,QAP,Y,Regional OperationsMetro 1 RegionNov 2024OtherFQAPYORCS,ORCS,2249.6,356.6,72.49,1784.5,742.24,1082.53,100,199.67
Regional Operations,Metro 1 Region,24-Nov,15,14.29,F,Other,QAP,Y,Regional OperationsMetro 1 RegionNov 2024OtherFQAPYOSM,OSM,2172.08,1144.54,54.08,2032.72,1469.88,1759.18,32,88.16
Regional Operations,Metro 2 Region,24-Nov,1,1,F,Other,QAP,Y,Regional OperationsMetro 2 RegionNov 2024OtherFQAPYOMPA,OMPA,152,5.63,0,138.89,43.63,187.25,,
Regional Operations,Metro 2 Region,24-Nov,14,13.8,F,Other,QAP,Y,Regional OperationsMetro 2 RegionNov 2024OtherFQAPYORCS,ORCS,2097.6,568.02,0,1752.14,891.79,1253.68,339.22,36.78
Regional Operations,Metro 2 Region,24-Nov,12,11.5,F,Other,QAP,Y,Regional OperationsMetro 2 RegionNov 2024OtherFQAPYOSM,OSM,1748,575.31,0,1130.22,835.04,1401,,208
Specialist Operations and Coordination,Metro,24-Nov,1,1,F,Other,QAP,Y,Specialist Operations and CoordinationMetroNov 2024OtherFQAPYOMPA,OMPA,152,126.14,0,117.16,133.74,124,,34
Specialist Operations and Coordination,Metro,24-Nov,10,9.04,F,Other,QAP,Y,Specialist Operations and CoordinationMetroNov 2024OtherFQAPYOSM,OSM,1374.08,436.5,66.68,1587.07,676.88,906.3,,112.5
Specialist Operations and Coordination,Metro,24-Nov,1,1,M,>65,Non-RM,Y,Specialist Operations and CoordinationMetroNov 2024>65MNon-RMYOMPA,OMPA,152,406.6,0,95.42,414.2,144.4,,
Chief Executive,Metro,24-Nov,1,1,M,>65,OTHER,Y,Chief ExecutiveMetroNov 2024>65MOTHERYOMPA,OMPA,152,0,0,14.15,0,129.2,,
Regional Operations,Hume,24-Nov,1,1,M,>65,OTHER,Y,Regional OperationsHumeNov 2024>65MOTHERYOSM,OSM,152,138.56,101.33,291.33,146.16,,,
Quality and Clinical Innovation,Grampians,24-Nov,1,1,M,>65,QAP,Y,Quality and Clinical InnovationGrampiansNov 2024>65MQAPYOSM,OSM,152,235.88,235.54,425.54,273.88,150,,10
Regional Operations,Gippsland,24-Nov,1,1,M,>65,QAP,Y,Regional OperationsGippslandNov 2024>65MQAPYOSM,OSM,152,424.77,446.72,750.72,462.77,8,,162
Regional Operations,Metro 2 Region,24-Nov,1,1,M,>65,QAP,Y,Regional OperationsMetro 2 RegionNov 2024>65MQAPYOSM,OSM,152,117.95,172,476,155.95,8,,
Business Technology and Programs,Metro,24-Nov,1,1,M,Other,,Y,Business Technology and ProgramsMetroNov 2024OtherMYOMPA,OMPA,152,0,0,148.19,0,136.8,,
Enterprise Services,Metro,24-Nov,1,1,M,Other,,Y,Enterprise ServicesMetroNov 2024OtherMYOMPA,OMPA,152,0,117.78,307.78,0,144.4,,
People and Culture,Metro,24-Nov,1,1,M,Other,,Y,People and CultureMetroNov 2024OtherMYOMPA,OMPA,152,0,0,14.15,0,144.4,,
Specialist Operations and Coordination,Metro,24-Nov,1,1,M,Other,,Y,Specialist Operations and CoordinationMetroNov 2024OtherMYOSM,OSM,152,7.41,203.19,393.19,7.41,38,,106.4
Regional Operations,Barwon South West,24-Nov,1,1,M,Other,MICA,Y,Regional OperationsBarwon South WestNov 2024OtherMMICAYORCS,ORCS,152,0,0,101.51,6.91,200.17,,12
Regional Operations,Barwon South West,24-Nov,1,1,M,Other,MICA,Y,Regional OperationsBarwon South WestNov 2024OtherMMICAYOSM,OSM,152,0.36,0,183.41,38.36,168,,
Regional Operations,Grampians,24-Nov,1,1,M,Other,MICA,Y,Regional OperationsGrampiansNov 2024OtherMMICAYORCS,ORCS,152,-11.37,0,227.82,-11.37,42,,117.71
Regional Operations,Hume,24-Nov,2,2,M,Other,MICA,Y,Regional OperationsHumeNov 2024OtherMMICAYORCS,ORCS,304,0,0,265.21,47.79,287.92,,22
Regional Operations,Loddon Mallee,24-Nov,1,1,M,Other,MICA,Y,Regional OperationsLoddon MalleeNov 2024OtherMMICAYORCS,ORCS,152,-7.87,0,168.6,-7.87,205.82,,
Regional Operations,Metro 1 Region,24-Nov,1,1,M,Other,MICA,Y,Regional OperationsMetro 1 RegionNov 2024OtherMMICAYOMPA,OMPA,152,3.73,0,262.66,41.73,176,,
Regional Operations,Metro 1 Region,24-Nov,10,10,M,Other,MICA,Y,Regional OperationsMetro 1 RegionNov 2024OtherMMICAYORCS,ORCS,1520,433.52,63.39,1778.86,673.58,1557.48,,272
Regional Operations,Metro 1 Region,24-Nov,1,1,M,Other,MICA,Y,Regional OperationsMetro 1 RegionNov 2024OtherMMICAYOSM,OSM,152,179.25,0,198.06,217.25,170,,
Specialist Operations and Coordination,Barwon South West,24-Nov,1,1,M,Other,MICA,Y,Specialist Operations and CoordinationBarwon South WestNov 2024OtherMMICAYOSM,OSM,152,0,0,31.33,36.47,4,,
Specialist Operations and Coordination,Gippsland,24-Nov,1,1,M,Other,MICA,Y,Specialist Operations and CoordinationGippslandNov 2024OtherMMICAYOSM,OSM,152,96.75,0,247.27,134.75,205.5,,
Specialist Operations and Coordination,Loddon Mallee,24-Nov,1,1,M,Other,MICA,Y,Specialist Operations and CoordinationLoddon MalleeNov 2024OtherMMICAYOMPA,OMPA,152,0,17.42,207.42,0.49,160,,
Specialist Operations and Coordination,Metro 1 Region,24-Nov,1,1,M,Other,MICA,Y,Specialist Operations and CoordinationMetro 1 RegionNov 2024OtherMMICAYOSM,OSM,152,174.67,0,298.75,212.67,178,,
Business Technology and Programs,Grampians,24-Nov,5,5,M,Other,Non-RM,Y,Business Technology and ProgramsGrampiansNov 2024OtherMNon-RMYOMPA,OMPA,760,103.04,765.76,1491.19,137.64,551.26,,47.46
Business Technology and Programs,Grampians,24-Nov,4,4,M,Other,Non-RM,Y,Business Technology and ProgramsGrampiansNov 2024OtherMNon-RMYOSM,OSM,608,152.44,142.05,634.68,182.84,571.35,,8
Business Technology and Programs,Metro,24-Nov,29,28.94,M,Other,Non-RM,Y,Business Technology and ProgramsMetroNov 2024OtherMNon-RMYOMPA,OMPA,4398.88,1388.63,3041.17,7137.3,1601.43,3344.1,266,97
Business Technology and Programs,Metro,24-Nov,1,1,M,Other,Non-RM,Y,Business Technology and ProgramsMetroNov 2024OtherMNon-RMYOSM,OSM,152,22.07,94.18,284.18,29.67,136.8,,
Enterprise Services,Grampians,24-Nov,2,2,M,Other,Non-RM,Y,Enterprise ServicesGrampiansNov 2024OtherMNon-RMYOMPA,OMPA,304,183.65,120.65,424.65,198.85,273.2,,8
Enterprise Services,Grampians,24-Nov,2,2,M,Other,Non-RM,Y,Enterprise ServicesGrampiansNov 2024OtherMNon-RMYOSM,OSM,304,53.41,102.71,374.28,68.61,243.2,,
Enterprise Services,Hume,24-Nov,1,1,M,Other,Non-RM,Y,Enterprise ServicesHumeNov 2024OtherMNon-RMYOSM,OSM,152,162.84,49.99,201.99,200.84,34.4,,72
Enterprise Services,Metro,24-Nov,20,20,M,Other,Non-RM,Y,Enterprise ServicesMetroNov 2024OtherMNon-RMYOMPA,OMPA,3040,893.09,1584.26,4494.08,1029.88,2223.45,3,210.65
Enterprise Services,Metro,24-Nov,4,4,M,Other,Non-RM,Y,Enterprise ServicesMetroNov 2024OtherMNon-RMYOSM,OSM,608,590.93,512.95,1120.95,621.33,440.8,,
Office of the Medical Director,Metro,24-Nov,1,0.71,M,Other,Non-RM,Y,Office of the Medical DirectorMetroNov 2024OtherMNon-RMYOMPA,OMPA,107.92,0,10.91,118.91,0,102.6,,
Office of the Medical Director,Metro,24-Nov,1,1,M,Other,Non-RM,Y,Office of the Medical DirectorMetroNov 2024OtherMNon-RMYOSM,OSM,152,93.1,68.81,220.81,100.7,121.6,,
People and Culture,Metro,24-Nov,9,9,M,Other,Non-RM,Y,People and CultureMetroNov 2024OtherMNon-RMYOMPA,OMPA,1368,817.94,1189.62,2230.83,886.34,1159.2,,68
Quality and Clinical Innovation,Metro,24-Nov,1,1,M,Other,Non-RM,Y,Quality and Clinical InnovationMetroNov 2024OtherMNon-RMYOMPA,OMPA,152,74.04,0,40.43,81.64,129.2,,
Regional Operations,Barwon South West,24-Nov,1,1,M,Other,Non-RM,Y,Regional OperationsBarwon South WestNov 2024OtherMNon-RMYOSM,OSM,152,185.14,206.73,396.73,192.74,136.8,,
Regional Operations,Gippsland,24-Nov,1,1,M,Other,Non-RM,Y,Regional OperationsGippslandNov 2024OtherMNon-RMYOSM,OSM,152,175.86,372.54,562.54,183.46,76,,
Regional Operations,Grampians,24-Nov,2,2,M,Other,Non-RM,Y,Regional OperationsGrampiansNov 2024OtherMNon-RMYOSM,OSM,304,298.65,186.06,411.73,313.85,32,,280
Regional Operations,Loddon Mallee,24-Nov,1,1,M,Other,Non-RM,Y,Regional OperationsLoddon MalleeNov 2024OtherMNon-RMYOSM,OSM,152,232,245.87,435.87,239.6,136.8,,
Regional Operations,Metro,24-Nov,1,1,M,Other,Non-RM,Y,Regional OperationsMetroNov 2024OtherMNon-RMYOSM,OSM,152,143.51,0,151.88,151.11,144.4,,
Specialist Operations and Coordination,Metro,24-Nov,1,1,M,Other,Non-RM,Y,Specialist Operations and CoordinationMetroNov 2024OtherMNon-RMYOMPA,OMPA,152,233.98,141.89,293.89,241.58,44.4,,72
Specialist Operations and Coordination,Metro,24-Nov,3,3,M,Other,Non-RM,Y,Specialist Operations and CoordinationMetroNov 2024OtherMNon-RMYOSM,OSM,456,246.25,94.76,578.23,269.05,332,,48
Strategy and Engagement,Metro,24-Nov,3,3,M,Other,Non-RM,Y,Strategy and EngagementMetroNov 2024OtherMNon-RMYOMPA,OMPA,456,94.26,342.99,784.19,117.06,250.8,,
Business Technology and Programs,Metro,24-Nov,2,2,M,Other,OTHER,Y,Business Technology and ProgramsMetroNov 2024OtherMOTHERYOMPA,OMPA,304,168.64,74.03,423.64,183.84,250.8,,
Enterprise Services,Metro,24-Nov,1,1,M,Other,OTHER,Y,Enterprise ServicesMetroNov 2024OtherMOTHERYOMPA,OMPA,152,276.01,129.06,319.06,283.61,168.5,,
Enterprise Services,Metro,24-Nov,1,1,M,Other,OTHER,Y,Enterprise ServicesMetroNov 2024OtherMOTHERYOSM,OSM,152,134.92,17.56,207.56,142.52,114,,
Quality and Clinical Innovation,Grampians,24-Nov,1,1,M,Other,OTHER,Y,Quality and Clinical InnovationGrampiansNov 2024OtherMOTHERYOSM,OSM,152,255.95,199.94,351.94,263.55,98.8,,
Quality and Clinical Innovation,Metro,24-Nov,2,2,M,Other,OTHER,Y,Quality and Clinical InnovationMetroNov 2024OtherMOTHERYOMPA,OMPA,304,974.97,297.65,601.65,990.17,281.57,,
Quality and Clinical Innovation,Metro,24-Nov,1,1,M,Other,OTHER,Y,Quality and Clinical InnovationMetroNov 2024OtherMOTHERYOSM,OSM,152,73.77,23.06,175.06,81.37,136.9,,7
Regional Operations,Barwon South West,24-Nov,4,4,M,Other,OTHER,Y,Regional OperationsBarwon South WestNov 2024OtherMOTHERYOSM,OSM,608,509.54,105.46,606.87,539.94,200.8,203.2,92
Regional Operations,Gippsland,24-Nov,2,2,M,Other,OTHER,Y,Regional OperationsGippslandNov 2024OtherMOTHERYOSM,OSM,304,159.87,202.46,582.46,175.07,243.2,,
Regional Operations,Grampians,24-Nov,1,1,M,Other,OTHER,Y,Regional OperationsGrampiansNov 2024OtherMOTHERYOMPA,OMPA,152,131.34,71.2,261.2,138.94,114,,
Regional Operations,Grampians,24-Nov,1,1,M,Other,OTHER,Y,Regional OperationsGrampiansNov 2024OtherMOTHERYOSM,OSM,152,286.53,67.43,257.43,294.13,114,,
Regional Operations,Hume,24-Nov,4,4,M,Other,OTHER,Y,Regional OperationsHumeNov 2024OtherMOTHERYOSM,OSM,608,885.3,299.17,878.17,915.7,279.05,,147
Regional Operations,Loddon Mallee,24-Nov,1,1,M,Other,OTHER,Y,Regional OperationsLoddon MalleeNov 2024OtherMOTHERYOSM,OSM,152,264.46,0,125.49,272.06,136.8,,
Regional Operations,Metro,24-Nov,1,1,M,Other,OTHER,Y,Regional OperationsMetroNov 2024OtherMOTHERYOMPA,OMPA,152,428.43,566.8,756.8,436.03,129.2,,
Regional Operations,Metro 1 Region,24-Nov,2,2,M,Other,OTHER,Y,Regional OperationsMetro 1 RegionNov 2024OtherMOTHERYOSM,OSM,304,348.79,31.98,261.28,363.99,203.15,,
Regional Operations,Metro 2 Region,24-Nov,4,4,M,Other,OTHER,Y,Regional OperationsMetro 2 RegionNov 2024OtherMOTHERYOSM,OSM,608,442.65,252.9,827.66,473.05,434.1,,128
Specialist Operations and Coordination,Grampians,24-Nov,1,1,M,Other,OTHER,Y,Specialist Operations and CoordinationGrampiansNov 2024OtherMOTHERYOSM,OSM,152,180.3,0,55.94,187.9,-30.4,,
Specialist Operations and Coordination,Metro,24-Nov,8,8,M,Other,OTHER,Y,Specialist Operations and CoordinationMetroNov 2024OtherMOTHERYOSM,OSM,1216,1693.43,1024.48,2250.5,1754.23,1016.03,,40
Operations,Metro,24-Nov,1,1,M,Other,QAP,Y,OperationsMetroNov 2024OtherMQAPYOSM,OSM,152,145.19,0,148.32,152.79,72,,8
Regional Operations,Barwon South West,24-Nov,8,8,M,Other,QAP,Y,Regional OperationsBarwon South WestNov 2024OtherMQAPYORCS,ORCS,1216,60.84,0,1361.68,290.95,801.54,,358
Regional Operations,Barwon South West,24-Nov,10,10,M,Other,QAP,Y,Regional OperationsBarwon South WestNov 2024OtherMQAPYOSM,OSM,1520,651.13,436.84,1845.84,1027.35,1045.65,,226
Regional Operations,Gippsland,24-Nov,3,3,M,Other,QAP,Y,Regional OperationsGippslandNov 2024OtherMQAPYORCS,ORCS,456,292.92,170.83,861.71,379.84,420.54,152,35
Regional Operations,Gippsland,24-Nov,9,9,M,Other,QAP,Y,Regional OperationsGippslandNov 2024OtherMQAPYOSM,OSM,1368,657.15,-29.93,1260.12,948.79,681.34,,178
Regional Operations,Grampians,24-Nov,1,1,M,Other,QAP,Y,Regional OperationsGrampiansNov 2024OtherMQAPYOMPA,OMPA,152,20.86,0,251.44,58.86,160,,
Regional Operations,Grampians,24-Nov,7,7,M,Other,QAP,Y,Regional OperationsGrampiansNov 2024OtherMQAPYORCS,ORCS,1064,98.59,282.99,1541.21,216.78,796.53,,54.5
Regional Operations,Grampians,24-Nov,4,4,M,Other,QAP,Y,Regional OperationsGrampiansNov 2024OtherMQAPYOSM,OSM,608,53.9,0,721.89,141.43,645.5,,32.5
Regional Operations,Hume,24-Nov,10,10,M,Other,QAP,Y,Regional OperationsHumeNov 2024OtherMQAPYORCS,ORCS,1520,459.89,841.94,2593.49,703.44,1169.81,152,360.17
Regional Operations,Hume,24-Nov,7,7,M,Other,QAP,Y,Regional OperationsHumeNov 2024OtherMQAPYOSM,OSM,1064,266.64,0,1190.42,501.03,1042.38,,110.25
Regional Operations,Loddon Mallee,24-Nov,11,11,M,Other,QAP,Y,Regional OperationsLoddon MalleeNov 2024OtherMQAPYORCS,ORCS,1672,455.1,0,1267.05,773.16,931.88,264,407
Regional Operations,Loddon Mallee,24-Nov,7,7,M,Other,QAP,Y,Regional OperationsLoddon MalleeNov 2024OtherMQAPYOSM,OSM,1064,329.34,118.76,1545.02,583.06,1018.63,,88.17
Regional Operations,Metro 1 Region,24-Nov,11,11,M,Other,QAP,Y,Regional OperationsMetro 1 RegionNov 2024OtherMQAPYORCS,ORCS,1672,0,0,1614.03,159.24,1657.6,124,128.17
Regional Operations,Metro 1 Region,24-Nov,13,13,M,Other,QAP,Y,Regional OperationsMetro 1 RegionNov 2024OtherMQAPYOSM,OSM,1976,426.34,206.56,2282.1,841.98,1936.24,3,68
Regional Operations,Metro 2 Region,24-Nov,12,12,M,Other,QAP,Y,Regional OperationsMetro 2 RegionNov 2024OtherMQAPYORCS,ORCS,1824,589.65,29.93,2522.3,938.57,1447.01,30,273
Regional Operations,Metro 2 Region,24-Nov,22,22,M,Other,QAP,Y,Regional OperationsMetro 2 RegionNov 2024OtherMQAPYOSM,OSM,3344,708.19,0,3187.98,1364.03,2707.57,44,356
Specialist Operations and Coordination,Metro,24-Nov,8,7.04,M,Other,QAP,Y,Specialist Operations and CoordinationMetroNov 2024OtherMQAPYOSM,OSM,1070.08,154.73,0,977.27,266.7,840,116,91.5
Specialist Operations and Coordination,Metro 1 Region,24-Nov,1,1,M,Other,QAP,Y,Specialist Operations and CoordinationMetro 1 RegionNov 2024OtherMQAPYOSM,OSM,152,0,0,222.89,26.46,194.75,,
Regional Operations,Barwon South West,24-Nov,18,,F,<25,ACO,N,Regional OperationsBarwon South WestNov 2024<25FACONORCS,ORCS,,,,,,77.13,,
Regional Operations,Gippsland,24-Nov,21,,F,<25,ACO,N,Regional OperationsGippslandNov 2024<25FACONORCS,ORCS,,,,,,204.45,,
Regional Operations,Grampians,24-Nov,29,,F,<25,ACO,N,Regional OperationsGrampiansNov 2024<25FACONORCS,ORCS,,,,,,233.51,,
Regional Operations,Hume,24-Nov,19,,F,<25,ACO,N,Regional OperationsHumeNov 2024<25FACONORCS,ORCS,,,,,,161.25,,
Regional Operations,Loddon Mallee,24-Nov,22,,F,<25,ACO,N,Regional OperationsLoddon MalleeNov 2024<25FACONORCS,ORCS,,,,,,306.31,,
Regional Operations,Hume,24-Nov,1,,F,<25,CERT,N,Regional OperationsHumeNov 2024<25FCERTNORCS,ORCS,,,,,,,,
Regional Operations,Metro 1 Region,24-Nov,1,,F,<25,CERT,N,Regional OperationsMetro 1 RegionNov 2024<25FCERTNORCS,ORCS,,,,,,,,
Regional Operations,Metro 2 Region,24-Nov,5,,F,<25,CERT,N,Regional OperationsMetro 2 RegionNov 2024<25FCERTNORCS,ORCS,,,,,,,,
Regional Operations,Barwon South West,24-Nov,3,3,F,<25,GAP,N,Regional OperationsBarwon South WestNov 2024<25FGAPNORCS,ORCS,456,16.05,0,34.14,57.55,228.83,,24
Regional Operations,Gippsland,24-Nov,3,3,F,<25,GAP,N,Regional OperationsGippslandNov 2024<25FGAPNORCS,ORCS,456,5.88,0,22.37,47.38,251.42,,
Regional Operations,Grampians,24-Nov,3,3,F,<25,GAP,N,Regional OperationsGrampiansNov 2024<25FGAPNORCS,ORCS,456,22.83,-70.26,9.69,99.43,226.98,,24
Regional Operations,Hume,24-Nov,4,4,F,<25,GAP,N,Regional OperationsHumeNov 2024<25FGAPNORCS,ORCS,608,5.88,-29.67,156.15,104.59,407.83,,10
Regional Operations,Loddon Mallee,24-Nov,3,3,F,<25,GAP,N,Regional OperationsLoddon MalleeNov 2024<25FGAPNORCS,ORCS,456,0,0,88.53,49.77,181.42,,
Regional Operations,Metro 1 Region,24-Nov,1,1,F,<25,GAP,N,Regional OperationsMetro 1 RegionNov 2024<25FGAPNORCS,ORCS,152,0,0,0.52,36.85,97.36,,
Regional Operations,Metro 2 Region,24-Nov,3,3,F,<25,GAP,N,Regional OperationsMetro 2 RegionNov 2024<25FGAPNORCS,ORCS,456,5.88,0,16.13,117.58,370.19,,
Chief Executive,Metro,24-Nov,1,0.63,F,<25,Non-RM,N,Chief ExecutiveMetroNov 2024<25FNon-RMNOMPA,OMPA,95.76,0,0,54.91,0,51.2,,
Enterprise Services,Grampians,24-Nov,1,0.47,F,<25,Non-RM,N,Enterprise ServicesGrampiansNov 2024<25FNon-RMNOMPA,OMPA,71.44,0,0,8.04,0,65.4,,
People and Culture,Metro,24-Nov,1,1,F,<25,Non-RM,N,People and CultureMetroNov 2024<25FNon-RMNOMPA,OMPA,152,1.9,0,30.29,9.5,129.2,,
Quality and Clinical Innovation,Metro,24-Nov,2,2,F,<25,Non-RM,N,Quality and Clinical InnovationMetroNov 2024<25FNon-RMNOMPA,OMPA,304,0,0,9.57,6.24,114,,
Specialist Operations and Coordination,Metro,24-Nov,6,3.13,F,<25,Non-RM,N,Specialist Operations and CoordinationMetroNov 2024<25FNon-RMNOSM,OSM,475.76,51.04,63.11,516.61,109.94,465,,39
Regional Operations,Loddon Mallee,24-Nov,1,,F,<25,OTHER,N,Regional OperationsLoddon MalleeNov 2024<25FOTHERNORCS,ORCS,,,,,,156,,
Regional Operations,Barwon South West,24-Nov,3,3,F,<25,QAP,N,Regional OperationsBarwon South WestNov 2024<25FQAPNORCS,ORCS,456,12.42,-65.48,149.32,125.22,337.67,27.75,-1.75
Regional Operations,Gippsland,24-Nov,13,13,F,<25,QAP,N,Regional OperationsGippslandNov 2024<25FQAPNORCS,ORCS,1976,197.41,-27.36,740.13,588.16,1639.79,,103.08
Regional Operations,Grampians,24-Nov,7,7,F,<25,QAP,N,Regional OperationsGrampiansNov 2024<25FQAPNORCS,ORCS,1064,162.62,0,436.49,388.27,952.35,,162
Regional Operations,Hume,24-Nov,10,10,F,<25,QAP,N,Regional OperationsHumeNov 2024<25FQAPNORCS,ORCS,1520,139.24,-3.92,529.63,471.85,1339.56,,149
Regional Operations,Loddon Mallee,24-Nov,5,5,F,<25,QAP,N,Regional OperationsLoddon MalleeNov 2024<25FQAPNORCS,ORCS,760,87.17,0,359.09,250.33,561.83,,24
Regional Operations,Metro 1 Region,24-Nov,20,18,F,<25,QAP,N,Regional OperationsMetro 1 RegionNov 2024<25FQAPNORCS,ORCS,2736,295.93,-59.23,826.67,865.74,2170.29,178,280.08
Regional Operations,Metro 2 Region,24-Nov,35,35,F,<25,QAP,N,Regional OperationsMetro 2 RegionNov 2024<25FQAPNORCS,ORCS,5320,840.52,-157.15,1460.62,2035.57,4744.82,48,543.5
Regional Operations,Barwon South West,24-Nov,3,,F,>65,ACO,N,Regional OperationsBarwon South WestNov 2024>65FACONORCS,ORCS,,,,,,28.51,,
Regional Operations,Gippsland,24-Nov,7,,F,>65,ACO,N,Regional OperationsGippslandNov 2024>65FACONORCS,ORCS,,,,,,195.23,,
Regional Operations,Grampians,24-Nov,2,,F,>65,ACO,N,Regional OperationsGrampiansNov 2024>65FACONORCS,ORCS,,,,,,74.82,,
Regional Operations,Hume,24-Nov,4,,F,>65,ACO,N,Regional OperationsHumeNov 2024>65FACONORCS,ORCS,,,,,,31.82,,
Regional Operations,Loddon Mallee,24-Nov,6,,F,>65,ACO,N,Regional OperationsLoddon MalleeNov 2024>65FACONORCS,ORCS,,,,,,92.16,,
Regional Operations,Barwon South West,24-Nov,3,,F,>65,CERT,N,Regional OperationsBarwon South WestNov 2024>65FCERTNORCS,ORCS,,,,,,,,
Regional Operations,Gippsland,24-Nov,3,,F,>65,CERT,N,Regional OperationsGippslandNov 2024>65FCERTNORCS,ORCS,,,,,,,,
Regional Operations,Grampians,24-Nov,2,,F,>65,CERT,N,Regional OperationsGrampiansNov 2024>65FCERTNORCS,ORCS,,,,,,,,
Regional Operations,Hume,24-Nov,4,,F,>65,CERT,N,Regional OperationsHumeNov 2024>65FCERTNORCS,ORCS,,,,,,,,
Regional Operations,Loddon Mallee,24-Nov,4,,F,>65,CERT,N,Regional OperationsLoddon MalleeNov 2024>65FCERTNORCS,ORCS,,,,,,,,
Business Technology and Programs,Metro,24-Nov,1,1,F,>65,Non-RM,N,Business Technology and ProgramsMetroNov 2024>65FNon-RMNOMPA,OMPA,152,9.4,14.7,166.7,17,136.8,,
Chief Executive,Metro,24-Nov,2,1.2,F,>65,Non-RM,N,Chief ExecutiveMetroNov 2024>65FNon-RMNOMPA,OMPA,182.4,1.02,15.94,189.88,1.02,166.8,,
Enterprise Services,Grampians,24-Nov,3,3,F,>65,Non-RM,N,Enterprise ServicesGrampiansNov 2024>65FNon-RMNOMPA,OMPA,456,0,100.71,467.11,57.39,238.7,,7.6
Enterprise Services,Metro,24-Nov,6,5.4,F,>65,Non-RM,N,Enterprise ServicesMetroNov 2024>65FNon-RMNOMPA,OMPA,820.8,140.46,578.57,1398.1,296.51,634.16,,37
People and Culture,Grampians,24-Nov,1,0.63,F,>65,Non-RM,N,People and CultureGrampiansNov 2024>65FNon-RMNOMPA,OMPA,95.76,88.8,113.12,209.12,88.8,63.2,,28
People and Culture,Metro,24-Nov,14,2,F,>65,Non-RM,N,People and CultureMetroNov 2024>65FNon-RMNOMPA,OMPA,304,81.77,0.25,229.29,96.97,196.8,,80
People and Culture,Metro,24-Nov,1,0.5,F,>65,Non-RM,N,People and CultureMetroNov 2024>65FNon-RMNOSM,OSM,76,0,4.52,99.52,0,72.2,,
Regional Operations,Metro,24-Nov,1,1,F,>65,Non-RM,N,Regional OperationsMetroNov 2024>65FNon-RMNOMPA,OMPA,152,0,0,139.61,14.58,64.4,,9
Specialist Operations and Coordination,Metro,24-Nov,1,,F,>65,Non-RM,N,Specialist Operations and CoordinationMetroNov 2024>65FNon-RMNOSM,OSM,,,,,,10,,
Regional Operations,Gippsland,24-Nov,1,0.52,F,>65,OTHER,N,Regional OperationsGippslandNov 2024>65FOTHERNORCS,ORCS,79.04,4,0.98,80.98,4,16,,
Regional Operations,Hume,24-Nov,1,1,F,>65,OTHER,N,Regional OperationsHumeNov 2024>65FOTHERNORCS,ORCS,152,75.41,0,120.72,113.41,157.25,,
Regional Operations,Metro 1 Region,24-Nov,1,,F,>65,OTHER,N,Regional OperationsMetro 1 RegionNov 2024>65FOTHERNORCS,ORCS,,,,,,60.5,,
Regional Operations,Metro 2 Region,24-Nov,1,1,F,>65,OTHER,N,Regional OperationsMetro 2 RegionNov 2024>65FOTHERNORCS,ORCS,152,47.48,92.99,244.99,85.48,60,92,
Regional Operations,Hume,24-Nov,1,1,F,>65,QAP,N,Regional OperationsHumeNov 2024>65FQAPNORCS,ORCS,152,0,0,169.65,23.42,165.5,,21
Business Technology and Programs,Metro,24-Nov,1,0.84,F,Other,,N,Business Technology and ProgramsMetroNov 2024OtherFNOMPA,OMPA,127.68,0,0,3.85,0,44,,
Enterprise Services,Metro,24-Nov,1,1,F,Other,,N,Enterprise ServicesMetroNov 2024OtherFNOSM,OSM,152,34.2,0,112.02,41.8,144.4,,
People and Culture,Metro,24-Nov,1,1,F,Other,,N,People and CultureMetroNov 2024OtherFNOMPA,OMPA,152,147.14,393.59,545.59,154.74,136.8,,
Quality and Clinical Innovation,Metro,24-Nov,1,1,F,Other,,N,Quality and Clinical InnovationMetroNov 2024OtherFNOMPA,OMPA,152,5.3,0,108.9,12.9,90,,24
Regional Operations,Barwon South West,24-Nov,1,1,F,Other,,N,Regional OperationsBarwon South WestNov 2024OtherFNOSM,OSM,152,0,0,95.84,32.82,159.5,,
Regional Operations,Metro,24-Nov,3,3,F,Other,,N,Regional OperationsMetroNov 2024OtherFNOMPA,OMPA,456,118.88,714.76,1149.57,164.48,265.6,,8
Regional Operations,Barwon South West,24-Nov,78,,F,Other,ACO,N,Regional OperationsBarwon South WestNov 2024OtherFACONORCS,ORCS,,,,,,661.9,48,
Regional Operations,Gippsland,24-Nov,97,,F,Other,ACO,N,Regional OperationsGippslandNov 2024OtherFACONORCS,ORCS,,,,,,1623.74,,
Regional Operations,Grampians,24-Nov,93,,F,Other,ACO,N,Regional OperationsGrampiansNov 2024OtherFACONORCS,ORCS,,,,,,1208.65,,
Regional Operations,Hume,24-Nov,98,,F,Other,ACO,N,Regional OperationsHumeNov 2024OtherFACONORCS,ORCS,,,,,,1276.43,86,
Regional Operations,Loddon Mallee,24-Nov,85,,F,Other,ACO,N,Regional OperationsLoddon MalleeNov 2024OtherFACONORCS,ORCS,,,,,,1748.86,,
Regional Operations,Barwon South West,24-Nov,17,,F,Other,CERT,N,Regional OperationsBarwon South WestNov 2024OtherFCERTNORCS,ORCS,,,,,,,,
Regional Operations,Gippsland,24-Nov,9,,F,Other,CERT,N,Regional OperationsGippslandNov 2024OtherFCERTNORCS,ORCS,,,,,,,,
Regional Operations,Grampians,24-Nov,18,,F,Other,CERT,N,Regional OperationsGrampiansNov 2024OtherFCERTNORCS,ORCS,,,,,,,,
Regional Operations,Hume,24-Nov,12,,F,Other,CERT,N,Regional OperationsHumeNov 2024OtherFCERTNORCS,ORCS,,,,,,,,
Regional Operations,Loddon Mallee,24-Nov,16,,F,Other,CERT,N,Regional OperationsLoddon MalleeNov 2024OtherFCERTNORCS,ORCS,,,,,,,,
Regional Operations,Metro 1 Region,24-Nov,7,,F,Other,CERT,N,Regional OperationsMetro 1 RegionNov 2024OtherFCERTNORCS,ORCS,,,,,,,,
Regional Operations,Metro 2 Region,24-Nov,7,,F,Other,CERT,N,Regional OperationsMetro 2 RegionNov 2024OtherFCERTNORCS,ORCS,,,,,,,,
Regional Operations,Hume,24-Nov,1,1,F,Other,CSO,N,Regional OperationsHumeNov 2024OtherFCSONORCS,ORCS,152,-6.81,0,112.91,-6.81,176.33,,10
Regional Operations,Metro 1 Region,24-Nov,4,4,F,Other,CSO,N,Regional OperationsMetro 1 RegionNov 2024OtherFCSONORCS,ORCS,608,122.16,0,420.59,263.51,646.05,,61.5
Regional Operations,Metro 2 Region,24-Nov,2,2,F,Other,CSO,N,Regional OperationsMetro 2 RegionNov 2024OtherFCSONORCS,ORCS,304,48.44,0,255.86,100.51,331.91,,37.92
Regional Operations,Barwon South West,24-Nov,7,7,F,Other,GAP,N,Regional OperationsBarwon South WestNov 2024OtherFGAPNORCS,ORCS,1064,86.67,-92.85,11.21,308.55,817.1,,58
Regional Operations,Gippsland,24-Nov,7,6.73,F,Other,GAP,N,Regional OperationsGippslandNov 2024OtherFGAPNORCS,ORCS,1022.96,83.55,-38.47,66.69,199.3,650.25,76,153.75
Regional Operations,Grampians,24-Nov,3,3,F,Other,GAP,N,Regional OperationsGrampiansNov 2024OtherFGAPNORCS,ORCS,456,11.76,0,197.27,121.64,488.42,,26
Regional Operations,Hume,24-Nov,4,4,F,Other,GAP,N,Regional OperationsHumeNov 2024OtherFGAPNORCS,ORCS,608,39.84,0,190.85,190.69,638.61,,32
Regional Operations,Loddon Mallee,24-Nov,6,6,F,Other,GAP,N,Regional OperationsLoddon MalleeNov 2024OtherFGAPNORCS,ORCS,912,81.68,-40.56,209.23,271.68,633.75,,70
Regional Operations,Metro 1 Region,24-Nov,14,14,F,Other,GAP,N,Regional OperationsMetro 1 RegionNov 2024OtherFGAPNORCS,ORCS,2128,155,-105.61,161.78,592.45,829.03,816.4,-351.82
Regional Operations,Metro 2 Region,24-Nov,19,19,F,Other,GAP,N,Regional OperationsMetro 2 RegionNov 2024OtherFGAPNORCS,ORCS,2888,139.29,-203.51,-113.15,685.17,1548.47,152,489.44
Regional Operations,Barwon South West,24-Nov,8,7.13,F,Other,MICA,N,Regional OperationsBarwon South WestNov 2024OtherFMICANORCS,ORCS,1083.76,208.47,181.79,1394.88,351,603.16,,170
Regional Operations,Gippsland,24-Nov,1,1,F,Other,MICA,N,Regional OperationsGippslandNov 2024OtherFMICANOMPA,OMPA,152,161.63,203.79,507.79,199.63,160,,
Regional Operations,Gippsland,24-Nov,6,6,F,Other,MICA,N,Regional OperationsGippslandNov 2024OtherFMICANORCS,ORCS,912,334.51,-0.15,855.64,540.71,700.48,,
Regional Operations,Grampians,24-Nov,9,9,F,Other,MICA,N,Regional OperationsGrampiansNov 2024OtherFMICANORCS,ORCS,1368,363.83,163.83,1810.63,537.71,416.08,240,140
Regional Operations,Hume,24-Nov,1,1,F,Other,MICA,N,Regional OperationsHumeNov 2024OtherFMICANOMPA,OMPA,152,10.17,0,78.73,48.17,94,,
Regional Operations,Hume,24-Nov,7,7,F,Other,MICA,N,Regional OperationsHumeNov 2024OtherFMICANORCS,ORCS,1064,290.51,168.93,1520.75,518.51,607.83,152,101
Regional Operations,Loddon Mallee,24-Nov,3,3,F,Other,MICA,N,Regional OperationsLoddon MalleeNov 2024OtherFMICANORCS,ORCS,456,35.67,0,577.52,123.88,357,,116
Regional Operations,Metro,24-Nov,1,1,F,Other,MICA,N,Regional OperationsMetroNov 2024OtherFMICANORCS,ORCS,152,0,0,149.74,6.12,177.23,,
Regional Operations,Metro 1 Region,24-Nov,1,1,F,Other,MICA,N,Regional OperationsMetro 1 RegionNov 2024OtherFMICANOMPA,OMPA,152,-5.27,0,138.45,-5.27,176,,
Regional Operations,Metro 1 Region,24-Nov,55,51.73,F,Other,MICA,N,Regional OperationsMetro 1 RegionNov 2024OtherFMICANORCS,ORCS,7862.96,1420.22,163.75,6852.4,2586.45,5395.56,452,636.94
Regional Operations,Metro 1 Region,24-Nov,1,0.76,F,Other,MICA,N,Regional OperationsMetro 1 RegionNov 2024OtherFMICANOSM,OSM,115.52,17.19,0,144.1,17.19,95.35,,22
Regional Operations,Metro 2 Region,24-Nov,1,1,F,Other,MICA,N,Regional OperationsMetro 2 RegionNov 2024OtherFMICANORCS,ORCS,152,139.94,-13.43,-13.43,177.94,110.57,,
Specialist Operations and Coordination,Grampians,24-Nov,1,1,F,Other,MICA,N,Specialist Operations and CoordinationGrampiansNov 2024OtherFMICANOSM,OSM,152,-17.29,0,185.19,-17.29,182,,
Specialist Operations and Coordination,Loddon Mallee,24-Nov,1,1,F,Other,MICA,N,Specialist Operations and CoordinationLoddon MalleeNov 2024OtherFMICANORCS,ORCS,152,4.38,0,192.51,42.38,188,,
Specialist Operations and Coordination,Loddon Mallee,24-Nov,1,1,F,Other,MICA,N,Specialist Operations and CoordinationLoddon MalleeNov 2024OtherFMICANOSM,OSM,152,0,72.33,376.33,35.91,188.92,,
Specialist Operations and Coordination,Metro,24-Nov,3,2.71,F,Other,MICA,N,Specialist Operations and CoordinationMetroNov 2024OtherFMICANOSM,OSM,411.92,52.36,0,403.42,96.7,406.18,,82
Specialist Operations and Coordination,Metro 1 Region,24-Nov,1,1,F,Other,MICA,N,Specialist Operations and CoordinationMetro 1 RegionNov 2024OtherFMICANORCS,ORCS,152,56.16,0,209.04,94.16,80,,
Business Technology and Programs,Grampians,24-Nov,3,2.63,F,Other,Non-RM,N,Business Technology and ProgramsGrampiansNov 2024OtherFNon-RMNOMPA,OMPA,399.76,8.1,367.7,627.47,44.65,346.47,,12
Business Technology and Programs,Grampians,24-Nov,4,3.94,F,Other,Non-RM,N,Business Technology and ProgramsGrampiansNov 2024OtherFNon-RMNOSM,OSM,598.88,44.1,118.36,663.87,59.3,571.9,,4
Business Technology and Programs,Metro,24-Nov,42,38.23,F,Other,Non-RM,N,Business Technology and ProgramsMetroNov 2024OtherFNon-RMNOMPA,OMPA,5810.96,1619.22,2543.46,7017.22,1879.45,4155.43,152,210.9
Business Technology and Programs,Metro,24-Nov,3,2.78,F,Other,Non-RM,N,Business Technology and ProgramsMetroNov 2024OtherFNon-RMNOSM,OSM,422.56,67.65,39.11,452.51,75.25,366.8,,
Chief Executive,Metro,24-Nov,7,6.65,F,Other,Non-RM,N,Chief ExecutiveMetroNov 2024OtherFNon-RMNOMPA,OMPA,1010.8,219.88,162.05,907.75,263.58,866.3,,35
Enterprise Services,Grampians,24-Nov,31,28.54,F,Other,Non-RM,N,Enterprise ServicesGrampiansNov 2024OtherFNon-RMNOMPA,OMPA,4338.08,258.44,310.49,3298.77,760.65,3241.4,140,439.1
Enterprise Services,Grampians,24-Nov,2,2,F,Other,Non-RM,N,Enterprise ServicesGrampiansNov 2024OtherFNon-RMNOSM,OSM,304,0.36,0,208.26,6.36,248.6,,7.5
Enterprise Services,Metro,24-Nov,64,60.32,F,Other,Non-RM,N,Enterprise ServicesMetroNov 2024OtherFNon-RMNOMPA,OMPA,9168.64,2103.99,4837.96,11835.5,2869.84,6192.99,134,893.5
Enterprise Services,Metro,24-Nov,4,2,F,Other,Non-RM,N,Enterprise ServicesMetroNov 2024OtherFNon-RMNOSM,OSM,304,77.04,271,575,124.54,190.4,,
Office of the Medical Director,Metro,24-Nov,4,1.62,F,Other,Non-RM,N,Office of the Medical DirectorMetroNov 2024OtherFNon-RMNOMPA,OMPA,246.24,0,99.42,351.02,0,201.92,,2
Office of the Medical Director,Metro,24-Nov,2,0.2,F,Other,Non-RM,N,Office of the Medical DirectorMetroNov 2024OtherFNon-RMNOSM,OSM,30.4,0,0,12.26,0,30.4,,
People and Culture,Grampians,24-Nov,5,4.78,F,Other,Non-RM,N,People and CultureGrampiansNov 2024OtherFNon-RMNOMPA,OMPA,726.56,192.65,246.78,742.72,235.9,620.3,,16
People and Culture,Grampians,24-Nov,2,2,F,Other,Non-RM,N,People and CultureGrampiansNov 2024OtherFNon-RMNOSM,OSM,304,56.68,144.19,444.54,71.88,281.2,,
People and Culture,Metro,24-Nov,76,66.33,F,Other,Non-RM,N,People and CultureMetroNov 2024OtherFNon-RMNOMPA,OMPA,10082.16,4034.9,5608.01,13818.05,4739.11,7751.52,,525.42
People and Culture,Metro,24-Nov,16,13.57,F,Other,Non-RM,N,People and CultureMetroNov 2024OtherFNon-RMNOSM,OSM,2062.64,611.64,688.76,2341.94,710.44,1513.02,,85.34
Quality and Clinical Innovation,Grampians,24-Nov,6,4.8,F,Other,Non-RM,N,Quality and Clinical InnovationGrampiansNov 2024OtherFNon-RMNOSM,OSM,729.6,195.6,165.9,485.56,218.4,492.26,,
Quality and Clinical Innovation,Metro,24-Nov,33,30.59,F,Other,Non-RM,N,Quality and Clinical InnovationMetroNov 2024OtherFNon-RMNOMPA,OMPA,4649.68,328.78,1425.97,5299.64,654.12,3226.12,228,340.1
Quality and Clinical Innovation,Metro,24-Nov,4,4,F,Other,Non-RM,N,Quality and Clinical InnovationMetroNov 2024OtherFNon-RMNOSM,OSM,608,131.31,287.18,816.66,192.11,498,,47.5
Regional Operations,Barwon South West,24-Nov,1,1,F,Other,Non-RM,N,Regional OperationsBarwon South WestNov 2024OtherFNon-RMNOMPA,OMPA,152,41.52,237.78,389.78,79.52,113.2,,16
Regional Operations,Gippsland,24-Nov,1,1,F,Other,Non-RM,N,Regional OperationsGippslandNov 2024OtherFNon-RMNOMPA,OMPA,152,101.99,140.89,292.89,139.99,112.8,,24
Regional Operations,Grampians,24-Nov,1,1,F,Other,Non-RM,N,Regional OperationsGrampiansNov 2024OtherFNon-RMNOMPA,OMPA,152,23.54,0,137.32,61.54,113.8,,23
Regional Operations,Hume,24-Nov,1,1,F,Other,Non-RM,N,Regional OperationsHumeNov 2024OtherFNon-RMNOMPA,OMPA,152,13.5,264.05,416.05,51.5,120,,7.6
Regional Operations,Loddon Mallee,24-Nov,1,1,F,Other,Non-RM,N,Regional OperationsLoddon MalleeNov 2024OtherFNon-RMNOMPA,OMPA,152,0,185.13,337.13,37.3,129.2,,
Regional Operations,Metro,24-Nov,6,4.6,F,Other,Non-RM,N,Regional OperationsMetroNov 2024OtherFNon-RMNOMPA,OMPA,699.2,63.11,396.56,919.55,137.26,446.64,,103.6
Specialist Operations and Coordination,Grampians,24-Nov,1,1,F,Other,Non-RM,N,Specialist Operations and CoordinationGrampiansNov 2024OtherFNon-RMNOMPA,OMPA,152,0,0,59.96,8.68,129.2,,
Specialist Operations and Coordination,Grampians,24-Nov,4,2.92,F,Other,Non-RM,N,Specialist Operations and CoordinationGrampiansNov 2024OtherFNon-RMNOSM,OSM,443.84,0.3,50.37,368.61,0.3,522,,31.5
Specialist Operations and Coordination,Metro,24-Nov,17,13.08,F,Other,Non-RM,N,Specialist Operations and CoordinationMetroNov 2024OtherFNon-RMNOMPA,OMPA,1988.16,638.56,1264.24,3113.39,851.08,1817.96,,12
Specialist Operations and Coordination,Metro,24-Nov,23,7.41,F,Other,Non-RM,N,Specialist Operations and CoordinationMetroNov 2024OtherFNon-RMNORCS,ORCS,1126.32,0,1515.03,2365.63,0,926.59,,116
Specialist Operations and Coordination,Metro,24-Nov,43,20.04,F,Other,Non-RM,N,Specialist Operations and CoordinationMetroNov 2024OtherFNon-RMNOSM,OSM,3046.08,610.49,736.54,2905.19,899.47,3364.95,76,248
Specialist Operations and Coordination,Metro 1 Region,24-Nov,1,1,F,Other,Non-RM,N,Specialist Operations and CoordinationMetro 1 RegionNov 2024OtherFNon-RMNOMPA,OMPA,152,40.58,52.4,204.4,78.58,128.8,,8
Strategy and Engagement,Metro,24-Nov,16,15.15,F,Other,Non-RM,N,Strategy and EngagementMetroNov 2024OtherFNon-RMNOMPA,OMPA,2302.8,618.87,388.96,2396.49,727.37,1889.8,,130
Transformation & Strateg,Metro,24-Nov,1,1,F,Other,Non-RM,N,Transformation & StrategMetroNov 2024OtherFNon-RMNOMPA,OMPA,152,29.52,0,182.24,37.12,127.8,,9
Chief Executive,Metro,24-Nov,1,0.6,F,Other,OTHER,N,Chief ExecutiveMetroNov 2024OtherFOTHERNOSM,OSM,91.2,3.23,20.01,111.21,3.23,68.4,,
Quality and Clinical Innovation,Metro,24-Nov,3,3,F,Other,OTHER,N,Quality and Clinical InnovationMetroNov 2024OtherFOTHERNOMPA,OMPA,456,190.61,0,273.76,213.41,184.4,,147
Regional Operations,Barwon South West,24-Nov,6,3,F,Other,OTHER,N,Regional OperationsBarwon South WestNov 2024OtherFOTHERNORCS,ORCS,456,84.62,30.6,286.03,184.91,433.85,,-79.52
Regional Operations,Gippsland,24-Nov,5,2.57,F,Other,OTHER,N,Regional OperationsGippslandNov 2024OtherFOTHERNORCS,ORCS,390.64,42.71,472.42,764.9,80.71,340.42,,93.83
Regional Operations,Grampians,24-Nov,1,1,F,Other,OTHER,N,Regional OperationsGrampiansNov 2024OtherFOTHERNORCS,ORCS,152,0,-41.83,-41.83,0.84,46.25,,2
Regional Operations,Hume,24-Nov,3,2,F,Other,OTHER,N,Regional OperationsHumeNov 2024OtherFOTHERNORCS,ORCS,304,155.81,0,184.81,231.81,191.26,,80
Regional Operations,Loddon Mallee,24-Nov,4,3,F,Other,OTHER,N,Regional OperationsLoddon MalleeNov 2024OtherFOTHERNORCS,ORCS,456,69.42,153.43,680.57,183.42,260.85,32,276
Regional Operations,Metro 1 Region,24-Nov,4,3,F,Other,OTHER,N,Regional OperationsMetro 1 RegionNov 2024OtherFOTHERNORCS,ORCS,456,419.76,424.92,918.92,533.76,152,,80
Regional Operations,Metro 2 Region,24-Nov,11,7.56,F,Other,OTHER,N,Regional OperationsMetro 2 RegionNov 2024OtherFOTHERNORCS,ORCS,1149.12,402.73,378.88,1202.67,601.51,936.5,44,328
Specialist Operations and Coordination,Metro,24-Nov,5,1,F,Other,OTHER,N,Specialist Operations and CoordinationMetroNov 2024OtherFOTHERNORCS,ORCS,152,0,0,14.57,8.77,317.57,,16
Enterprise Services,Metro,24-Nov,4,4,F,Other,QAP,N,Enterprise ServicesMetroNov 2024OtherFQAPNOMPA,OMPA,608,214.18,0,546.01,335.78,476.35,,20.5
Enterprise Services,Metro,24-Nov,30,24.62,F,Other,QAP,N,Enterprise ServicesMetroNov 2024OtherFQAPNOSM,OSM,3742.24,2131.6,38.23,3749.63,2694.1,3036.37,,193.13
Operations,Metro,24-Nov,1,1,F,Other,QAP,N,OperationsMetroNov 2024OtherFQAPNOMPA,OMPA,152,28,0,91.68,66,,,
Operations,Metro,24-Nov,1,1,F,Other,QAP,N,OperationsMetroNov 2024OtherFQAPNOSM,OSM,152,0,0,118.78,26.66,80,,
People and Culture,Metro,24-Nov,1,1,F,Other,QAP,N,People and CultureMetroNov 2024OtherFQAPNOMPA,OMPA,152,262.04,107.92,297.92,269.64,160,,
People and Culture,Metro,24-Nov,1,1,F,Other,QAP,N,People and CultureMetroNov 2024OtherFQAPNOSM,OSM,152,63.78,0,82.2,71.38,-7.2,,151.6
Quality and Clinical Innovation,Barwon South West,24-Nov,1,1,F,Other,QAP,N,Quality and Clinical InnovationBarwon South WestNov 2024OtherFQAPNOSM,OSM,152,-26.54,0,140.33,-26.54,4,,
Quality and Clinical Innovation,Hume,24-Nov,1,0.68,F,Other,QAP,N,Quality and Clinical InnovationHumeNov 2024OtherFQAPNOSM,OSM,103.36,191.98,122.6,330.6,191.98,46,,84
Quality and Clinical Innovation,Loddon Mallee,24-Nov,1,1,F,Other,QAP,N,Quality and Clinical InnovationLoddon MalleeNov 2024OtherFQAPNOSM,OSM,152,-13.85,0,186.14,-13.85,142,,10
Quality and Clinical Innovation,Metro,24-Nov,1,0.63,F,Other,QAP,N,Quality and Clinical InnovationMetroNov 2024OtherFQAPNOSM,OSM,95.76,14.42,172.84,268.84,14.42,77,,9.5
Regional Operations,Barwon South West,24-Nov,218,184.69,F,Other,QAP,N,Regional OperationsBarwon South WestNov 2024OtherFQAPNORCS,ORCS,28072.88,4331.12,22.99,20108.39,8229.36,19966.71,1333.6,1829.31
Regional Operations,Barwon South West,24-Nov,6,5.83,F,Other,QAP,N,Regional OperationsBarwon South WestNov 2024OtherFQAPNOSM,OSM,886.16,159.68,0,743.63,305.82,699.33,,245.5
Regional Operations,Gippsland,24-Nov,224,196.35,F,Other,QAP,N,Regional OperationsGippslandNov 2024OtherFQAPNORCS,ORCS,29845.2,4809.1,324.06,21863.97,8693.73,20075.65,573.25,3166.35
Regional Operations,Gippsland,24-Nov,5,5,F,Other,QAP,N,Regional OperationsGippslandNov 2024OtherFQAPNOSM,OSM,760,211.38,0,648.62,344.22,544.57,,53.67
Regional Operations,Grampians,24-Nov,116,105.6,F,Other,QAP,N,Regional OperationsGrampiansNov 2024OtherFQAPNORCS,ORCS,16051.2,2272.08,-114.79,9785.81,4513.68,9957.03,742,1162.33
Regional Operations,Grampians,24-Nov,6,6,F,Other,QAP,N,Regional OperationsGrampiansNov 2024OtherFQAPNOSM,OSM,912,124.19,63.43,1064.96,330.9,899.67,,209.66
Regional Operations,Hume,24-Nov,202,186.04,F,Other,QAP,N,Regional OperationsHumeNov 2024OtherFQAPNORCS,ORCS,28278.08,3628.54,143.82,19978.57,7479.52,19785.37,1046.8,2389.78
Regional Operations,Hume,24-Nov,2,2,F,Other,QAP,N,Regional OperationsHumeNov 2024OtherFQAPNOSM,OSM,304,16.92,0,86,64.94,322.75,,31.5
Regional Operations,Loddon Mallee,24-Nov,189,169.5,F,Other,QAP,N,Regional OperationsLoddon MalleeNov 2024OtherFQAPNORCS,ORCS,25764,3118.83,37.4,18076.63,6721.2,17551.82,874.5,1928.97
Regional Operations,Loddon Mallee,24-Nov,3,3,F,Other,QAP,N,Regional OperationsLoddon MalleeNov 2024OtherFQAPNOSM,OSM,456,232.87,0,583.79,335.39,319.5,,10
Regional Operations,Metro,24-Nov,1,1,F,Other,QAP,N,Regional OperationsMetroNov 2024OtherFQAPNORCS,ORCS,152,58.75,0,97.55,96.75,222.35,,
Regional Operations,Metro,24-Nov,2,2,F,Other,QAP,N,Regional OperationsMetroNov 2024OtherFQAPNOSM,OSM,304,316.65,0,255.65,392.65,278.92,,10
Regional Operations,Metro 1 Region,24-Nov,1,1,F,Other,QAP,N,Regional OperationsMetro 1 RegionNov 2024OtherFQAPNOMPA,OMPA,152,80.7,69.24,221.24,88.3,164,,
Regional Operations,Metro 1 Region,24-Nov,688,609.89,F,Other,QAP,N,Regional OperationsMetro 1 RegionNov 2024OtherFQAPNORCS,ORCS,92703.28,9742.12,734.69,67724.33,21958.63,60933.77,3173.85,9105.67
Regional Operations,Metro 1 Region,24-Nov,19,18.48,F,Other,QAP,N,Regional OperationsMetro 1 RegionNov 2024OtherFQAPNOSM,OSM,2808.96,185.18,-17.21,2198.61,580.71,2327.34,,154.33
Regional Operations,Metro 2 Region,24-Nov,2,2,F,Other,QAP,N,Regional OperationsMetro 2 RegionNov 2024OtherFQAPNOMPA,OMPA,304,69.72,0,260.31,107.72,112.48,,14
Regional Operations,Metro 2 Region,24-Nov,783,678.88,F,Other,QAP,N,Regional OperationsMetro 2 RegionNov 2024OtherFQAPNORCS,ORCS,103189.76,12632.1,401.6,78214.07,26151.31,67866.39,3829.05,8695.87
Regional Operations,Metro 2 Region,24-Nov,26,25.71,F,Other,QAP,N,Regional OperationsMetro 2 RegionNov 2024OtherFQAPNOSM,OSM,3907.92,760.6,70.16,3357.24,1411.31,3281.09,34,256.75
Specialist Operations and Coordination,Grampians,24-Nov,17,15.28,F,Other,QAP,N,Specialist Operations and CoordinationGrampiansNov 2024OtherFQAPNOSM,OSM,2322.56,304.09,-54.06,2000.88,628.87,1355,,214.25
Specialist Operations and Coordination,Metro,24-Nov,1,1,F,Other,QAP,N,Specialist Operations and CoordinationMetroNov 2024OtherFQAPNOMPA,OMPA,152,18.46,-9.94,-9.94,56.46,146.5,,
Specialist Operations and Coordination,Metro,24-Nov,153,95.7,F,Other,QAP,N,Specialist Operations and CoordinationMetroNov 2024OtherFQAPNOSM,OSM,14546.4,1676.51,-15.53,12266.56,3076.71,10279.03,231.69,1327.21
Specialist Operations and Coordination,Metro 1 Region,24-Nov,6,5.71,F,Other,QAP,N,Specialist Operations and CoordinationMetro 1 RegionNov 2024OtherFQAPNORCS,ORCS,867.92,211.41,-133.71,765.38,360.06,510.91,,58
Specialist Operations and Coordination,Metro 1 Region,24-Nov,2,2,F,Other,QAP,N,Specialist Operations and CoordinationMetro 1 RegionNov 2024OtherFQAPNOSM,OSM,304,189.81,0,287.14,245.05,175.5,,10
Regional Operations,Barwon South West,24-Nov,11,,M,<25,ACO,N,Regional OperationsBarwon South WestNov 2024<25MACONORCS,ORCS,,,,,,187.48,,
Regional Operations,Gippsland,24-Nov,8,,M,<25,ACO,N,Regional OperationsGippslandNov 2024<25MACONORCS,ORCS,,,,,,144.5,,
Regional Operations,Grampians,24-Nov,10,,M,<25,ACO,N,Regional OperationsGrampiansNov 2024<25MACONORCS,ORCS,,,,,,207.47,,
Regional Operations,Hume,24-Nov,8,,M,<25,ACO,N,Regional OperationsHumeNov 2024<25MACONORCS,ORCS,,,,,,87.29,,
Regional Operations,Loddon Mallee,24-Nov,8,,M,<25,ACO,N,Regional OperationsLoddon MalleeNov 2024<25MACONORCS,ORCS,,,,,,300.29,,
Regional Operations,Metro 2 Region,24-Nov,5,,M,<25,CERT,N,Regional OperationsMetro 2 RegionNov 2024<25MCERTNORCS,ORCS,,,,,,,,
Regional Operations,Barwon South West,24-Nov,3,3,M,<25,GAP,N,Regional OperationsBarwon South WestNov 2024<25MGAPNORCS,ORCS,456,5.88,0,98.35,47.38,233.75,,14
Regional Operations,Grampians,24-Nov,2,2,M,<25,GAP,N,Regional OperationsGrampiansNov 2024<25MGAPNORCS,ORCS,304,5.88,0,94.48,45.63,219.67,,
Regional Operations,Metro 1 Region,24-Nov,5,5,M,<25,GAP,N,Regional OperationsMetro 1 RegionNov 2024<25MGAPNORCS,ORCS,760,17.64,0,49.25,170.24,623.86,,33.58
Regional Operations,Metro 2 Region,24-Nov,2,2,M,<25,GAP,N,Regional OperationsMetro 2 RegionNov 2024<25MGAPNORCS,ORCS,304,0,-0.52,0,73.2,174.76,,12
Business Technology and Programs,Grampians,24-Nov,1,1,M,<25,Non-RM,N,Business Technology and ProgramsGrampiansNov 2024<25MNon-RMNOSM,OSM,152,0,0,12.85,0,60.8,,
Specialist Operations and Coordination,Metro,24-Nov,3,1.05,M,<25,Non-RM,N,Specialist Operations and CoordinationMetroNov 2024<25MNon-RMNOSM,OSM,159.6,0,0,56.4,0,202.5,,
Regional Operations,Metro 1 Region,24-Nov,1,,M,<25,OTHER,N,Regional OperationsMetro 1 RegionNov 2024<25MOTHERNORCS,ORCS,,,,,,,,
Regional Operations,Metro 2 Region,24-Nov,1,,M,<25,OTHER,N,Regional OperationsMetro 2 RegionNov 2024<25MOTHERNORCS,ORCS,,,,,,,,
Regional Operations,Barwon South West,24-Nov,1,1,M,<25,QAP,N,Regional OperationsBarwon South WestNov 2024<25MQAPNORCS,ORCS,152,48.48,0,34.67,86.48,182.67,,
Regional Operations,Gippsland,24-Nov,5,5,M,<25,QAP,N,Regional OperationsGippslandNov 2024<25MQAPNORCS,ORCS,760,123.8,-13.88,164.73,305.39,663.42,,
Regional Operations,Hume,24-Nov,1,1,M,<25,QAP,N,Regional OperationsHumeNov 2024<25MQAPNORCS,ORCS,152,23.53,0,7.28,61.53,15.95,,28
Regional Operations,Loddon Mallee,24-Nov,1,1,M,<25,QAP,N,Regional OperationsLoddon MalleeNov 2024<25MQAPNORCS,ORCS,152,0,0,66.85,17.92,198.43,,12
Regional Operations,Metro 1 Region,24-Nov,7,7,M,<25,QAP,N,Regional OperationsMetro 1 RegionNov 2024<25MQAPNORCS,ORCS,1064,210.39,0,396.38,476.39,612.82,154.4,27.6
Regional Operations,Metro 2 Region,24-Nov,19,18,M,<25,QAP,N,Regional OperationsMetro 2 RegionNov 2024<25MQAPNORCS,ORCS,2736,387.92,-89.1,882.73,997.27,2212.28,,233
Regional Operations,Barwon South West,24-Nov,6,,M,>65,ACO,N,Regional OperationsBarwon South WestNov 2024>65MACONORCS,ORCS,,,,,,144.21,,
Regional Operations,Gippsland,24-Nov,11,,M,>65,ACO,N,Regional OperationsGippslandNov 2024>65MACONORCS,ORCS,,,,,,500.5,,
Regional Operations,Grampians,24-Nov,5,,M,>65,ACO,N,Regional OperationsGrampiansNov 2024>65MACONORCS,ORCS,,,,,,172.88,,
Regional Operations,Hume,24-Nov,9,,M,>65,ACO,N,Regional OperationsHumeNov 2024>65MACONORCS,ORCS,,,,,,380.24,,
Regional Operations,Loddon Mallee,24-Nov,4,,M,>65,ACO,N,Regional OperationsLoddon MalleeNov 2024>65MACONORCS,ORCS,,,,,,104.21,,
Regional Operations,Barwon South West,24-Nov,4,,M,>65,CERT,N,Regional OperationsBarwon South WestNov 2024>65MCERTNORCS,ORCS,,,,,,,,
Regional Operations,Gippsland,24-Nov,2,,M,>65,CERT,N,Regional OperationsGippslandNov 2024>65MCERTNORCS,ORCS,,,,,,,,
Regional Operations,Grampians,24-Nov,1,,M,>65,CERT,N,Regional OperationsGrampiansNov 2024>65MCERTNORCS,ORCS,,,,,,,,
Regional Operations,Hume,24-Nov,3,,M,>65,CERT,N,Regional OperationsHumeNov 2024>65MCERTNORCS,ORCS,,,,,,,,
Regional Operations,Metro 2 Region,24-Nov,6,,M,>65,CERT,N,Regional OperationsMetro 2 RegionNov 2024>65MCERTNORCS,ORCS,,,,,,,,
Regional Operations,Hume,24-Nov,1,1,M,>65,CSO,N,Regional OperationsHumeNov 2024>65MCSONORCS,ORCS,152,298.87,0,61.92,336.87,,,
Regional Operations,Metro 2 Region,24-Nov,1,1,M,>65,CSO,N,Regional OperationsMetro 2 RegionNov 2024>65MCSONORCS,ORCS,152,233.55,327.92,631.92,271.55,6,,
Regional Operations,Gippsland,24-Nov,1,1,M,>65,MICA,N,Regional OperationsGippslandNov 2024>65MMICANORCS,ORCS,152,619.86,390.75,694.75,657.86,,,
Regional Operations,Hume,24-Nov,2,2,M,>65,MICA,N,Regional OperationsHumeNov 2024>65MMICANORCS,ORCS,304,512.16,6.49,397.67,550.16,4,,139.39
Regional Operations,Metro 1 Region,24-Nov,5,4,M,>65,MICA,N,Regional OperationsMetro 1 RegionNov 2024>65MMICANORCS,ORCS,608,504.69,494.35,1239.72,615.2,257.59,,168.58
Specialist Operations and Coordination,Grampians,24-Nov,2,2,M,>65,MICA,N,Specialist Operations and CoordinationGrampiansNov 2024>65MMICANOSM,OSM,304,348.59,1027.54,1459.72,396.84,,,152
Specialist Operations and Coordination,Metro 1 Region,24-Nov,1,1,M,>65,MICA,N,Specialist Operations and CoordinationMetro 1 RegionNov 2024>65MMICANORCS,ORCS,152,174.05,130.03,434.03,212.05,6,,
Business Technology and Programs,Grampians,24-Nov,1,1,M,>65,Non-RM,N,Business Technology and ProgramsGrampiansNov 2024>65MNon-RMNOSM,OSM,152,28.95,116.8,268.8,36.55,,,
Business Technology and Programs,Metro,24-Nov,1,1,M,>65,Non-RM,N,Business Technology and ProgramsMetroNov 2024>65MNon-RMNOMPA,OMPA,152,1.9,130.04,282.04,9.5,129.2,,
Enterprise Services,Barwon South West,24-Nov,1,1,M,>65,Non-RM,N,Enterprise ServicesBarwon South WestNov 2024>65MNon-RMNOSM,OSM,152,110.79,535.03,687.03,148.79,148.4,,
Enterprise Services,Grampians,24-Nov,1,1,M,>65,Non-RM,N,Enterprise ServicesGrampiansNov 2024>65MNon-RMNOMPA,OMPA,152,0,0,81.62,7.6,136.8,,
Enterprise Services,Metro,24-Nov,3,0.92,M,>65,Non-RM,N,Enterprise ServicesMetroNov 2024>65MNon-RMNOSM,OSM,139.84,-12.75,22.18,105.25,-12.75,183.5,,8
Office of the Medical Director,Metro,24-Nov,1,0.2,M,>65,Non-RM,N,Office of the Medical DirectorMetroNov 2024>65MNon-RMNOMPA,OMPA,30.4,0,19.63,50.03,0,28.88,,
Office of the Medical Director,Metro,24-Nov,1,0.03,M,>65,Non-RM,N,Office of the Medical DirectorMetroNov 2024>65MNon-RMNOSM,OSM,4.56,0,82.06,87.3,0,4.98,,
People and Culture,Metro,24-Nov,8,1,M,>65,Non-RM,N,People and CultureMetroNov 2024>65MNon-RMNOMPA,OMPA,152,49.76,117.32,269.32,57.36,132.8,,
People and Culture,Metro,24-Nov,1,1,M,>65,Non-RM,N,People and CultureMetroNov 2024>65MNon-RMNOSM,OSM,152,34.2,487.64,639.64,41.8,,,
Quality and Clinical Innovation,Metro,24-Nov,1,1,M,>65,Non-RM,N,Quality and Clinical InnovationMetroNov 2024>65MNon-RMNOSM,OSM,152,145.48,198.74,350.74,153.08,130,,30
Strategy and Engagement,Metro,24-Nov,1,0.21,M,>65,Non-RM,N,Strategy and EngagementMetroNov 2024>65MNon-RMNOMPA,OMPA,31.92,0,171.66,203.66,0,30.4,,
Business Technology and Programs,Gippsland,24-Nov,1,1,M,>65,OTHER,N,Business Technology and ProgramsGippslandNov 2024>65MOTHERNOSM,OSM,152,243.15,348.82,538.82,250.75,-7.6,,152
Business Technology and Programs,Metro,24-Nov,1,1,M,>65,OTHER,N,Business Technology and ProgramsMetroNov 2024>65MOTHERNOSM,OSM,152,15.69,597.76,787.76,23.29,,,
Quality and Clinical Innovation,Metro,24-Nov,1,1,M,>65,OTHER,N,Quality and Clinical InnovationMetroNov 2024>65MOTHERNOSM,OSM,152,411.06,124,276,418.66,144.4,,
Regional Operations,Barwon South West,24-Nov,1,1,M,>65,OTHER,N,Regional OperationsBarwon South WestNov 2024>65MOTHERNORCS,ORCS,152,245.92,0,67.38,283.92,,,
Regional Operations,Gippsland,24-Nov,2,,M,>65,OTHER,N,Regional OperationsGippslandNov 2024>65MOTHERNORCS,ORCS,,,,,,99,,
Regional Operations,Loddon Mallee,24-Nov,1,1,M,>65,OTHER,N,Regional OperationsLoddon MalleeNov 2024>65MOTHERNORCS,ORCS,152,36.24,154.45,306.45,74.24,,,
Regional Operations,Metro,24-Nov,1,,M,>65,OTHER,N,Regional OperationsMetroNov 2024>65MOTHERNOSM,OSM,,,,,,,,
Regional Operations,Metro 1 Region,24-Nov,4,1,M,>65,OTHER,N,Regional OperationsMetro 1 RegionNov 2024>65MOTHERNORCS,ORCS,152,150.57,0,116.88,188.57,220,,10
Regional Operations,Metro 2 Region,24-Nov,3,1,M,>65,OTHER,N,Regional OperationsMetro 2 RegionNov 2024>65MOTHERNORCS,ORCS,152,206.59,202.95,354.95,244.59,240,,10
Quality and Clinical Innovation,Gippsland,24-Nov,1,1,M,>65,QAP,N,Quality and Clinical InnovationGippslandNov 2024>65MQAPNOSM,OSM,152,165.21,0,68.31,203.21,,,
Regional Operations,Barwon South West,24-Nov,5,5,M,>65,QAP,N,Regional OperationsBarwon South WestNov 2024>65MQAPNORCS,ORCS,760,728.89,631.49,1721.76,918.89,44,,264
Regional Operations,Gippsland,24-Nov,4,4,M,>65,QAP,N,Regional OperationsGippslandNov 2024>65MQAPNORCS,ORCS,608,678.1,305.88,1083.55,830.1,154.83,,24
Regional Operations,Gippsland,24-Nov,1,1,M,>65,QAP,N,Regional OperationsGippslandNov 2024>65MQAPNOSM,OSM,152,0,0,186.09,15.24,160,,
Regional Operations,Grampians,24-Nov,3,3,M,>65,QAP,N,Regional OperationsGrampiansNov 2024>65MQAPNORCS,ORCS,456,152.26,0,591.4,190.26,120.02,,
Regional Operations,Hume,24-Nov,5,3.99,M,>65,QAP,N,Regional OperationsHumeNov 2024>65MQAPNORCS,ORCS,606.48,1126.56,1128.66,1911.46,1202.56,440.34,,
Regional Operations,Loddon Mallee,24-Nov,1,1,M,>65,QAP,N,Regional OperationsLoddon MalleeNov 2024>65MQAPNORCS,ORCS,152,135.39,269.6,573.6,135.39,,,160
Regional Operations,Metro 1 Region,24-Nov,1,1,M,>65,QAP,N,Regional OperationsMetro 1 RegionNov 2024>65MQAPNORCS,ORCS,152,0,73.15,377.15,19.89,,,
Regional Operations,Metro 1 Region,24-Nov,1,1,M,>65,QAP,N,Regional OperationsMetro 1 RegionNov 2024>65MQAPNOSM,OSM,152,81.51,217.19,521.19,119.51,,,
Regional Operations,Metro 2 Region,24-Nov,4,2.78,M,>65,QAP,N,Regional OperationsMetro 2 RegionNov 2024>65MQAPNORCS,ORCS,422.56,302.26,0,452.51,348.28,219.17,,
Specialist Operations and Coordination,Metro,24-Nov,2,1.51,M,>65,QAP,N,Specialist Operations and CoordinationMetroNov 2024>65MQAPNOSM,OSM,229.52,3.22,0,255.7,4.12,200.67,,32.33
Specialist Operations and Coordination,Metro 1 Region,24-Nov,1,,M,>65,QAP,N,Specialist Operations and CoordinationMetro 1 RegionNov 2024>65MQAPNORCS,ORCS,,,,,,20,,
Office of the Medical Director,Metro,24-Nov,1,1,M,Other,,N,Office of the Medical DirectorMetroNov 2024OtherMNOSM,OSM,152,28.31,0,39.86,35.91,152,,
Quality and Clinical Innovation,Metro,24-Nov,1,1,M,Other,,N,Quality and Clinical InnovationMetroNov 2024OtherMNOMPA,OMPA,152,20.9,0,43.72,28.5,144.4,,
Regional Operations,Barwon South West,24-Nov,66,,M,Other,ACO,N,Regional OperationsBarwon South WestNov 2024OtherMACONORCS,ORCS,,,,,,740.19,,
Regional Operations,Gippsland,24-Nov,44,,M,Other,ACO,N,Regional OperationsGippslandNov 2024OtherMACONORCS,ORCS,,,,,,798.79,,
Regional Operations,Grampians,24-Nov,43,,M,Other,ACO,N,Regional OperationsGrampiansNov 2024OtherMACONORCS,ORCS,,,,,,763.51,,
Regional Operations,Hume,24-Nov,70,,M,Other,ACO,N,Regional OperationsHumeNov 2024OtherMACONORCS,ORCS,,,,,,1257.6,152,
Regional Operations,Loddon Mallee,24-Nov,56,,M,Other,ACO,N,Regional OperationsLoddon MalleeNov 2024OtherMACONORCS,ORCS,,,,,,1244.78,,
Regional Operations,Barwon South West,24-Nov,11,,M,Other,CERT,N,Regional OperationsBarwon South WestNov 2024OtherMCERTNORCS,ORCS,,,,,,,,
Regional Operations,Grampians,24-Nov,7,,M,Other,CERT,N,Regional OperationsGrampiansNov 2024OtherMCERTNORCS,ORCS,,,,,,,,
Regional Operations,Hume,24-Nov,6,,M,Other,CERT,N,Regional OperationsHumeNov 2024OtherMCERTNORCS,ORCS,,,,,,,,
Regional Operations,Loddon Mallee,24-Nov,6,,M,Other,CERT,N,Regional OperationsLoddon MalleeNov 2024OtherMCERTNORCS,ORCS,,,,,,,,
Regional Operations,Metro 1 Region,24-Nov,2,,M,Other,CERT,N,Regional OperationsMetro 1 RegionNov 2024OtherMCERTNORCS,ORCS,,,,,,,,
Regional Operations,Metro 2 Region,24-Nov,31,,M,Other,CERT,N,Regional OperationsMetro 2 RegionNov 2024OtherMCERTNORCS,ORCS,,,,,,,,
Regional Operations,Barwon South West,24-Nov,4,3.94,M,Other,CSO,N,Regional OperationsBarwon South WestNov 2024OtherMCSONORCS,ORCS,598.88,127.66,156.64,1034.57,220.43,521,,18.5
Regional Operations,Gippsland,24-Nov,3,3,M,Other,CSO,N,Regional OperationsGippslandNov 2024OtherMCSONORCS,ORCS,456,377.24,-0.84,291.97,458.9,316,,86
Regional Operations,Grampians,24-Nov,2,2,M,Other,CSO,N,Regional OperationsGrampiansNov 2024OtherMCSONORCS,ORCS,304,101.7,0,195.42,149.43,348,,62
Regional Operations,Hume,24-Nov,3,3,M,Other,CSO,N,Regional OperationsHumeNov 2024OtherMCSONORCS,ORCS,456,10.51,0,262.95,59.68,295.51,,
Regional Operations,Loddon Mallee,24-Nov,3,3,M,Other,CSO,N,Regional OperationsLoddon MalleeNov 2024OtherMCSONORCS,ORCS,456,225.35,0,552.75,301.35,387.75,,
Regional Operations,Metro 1 Region,24-Nov,8,8,M,Other,CSO,N,Regional OperationsMetro 1 RegionNov 2024OtherMCSONORCS,ORCS,1216,242.13,255.98,1387.78,418.11,1168.23,,36.92
Regional Operations,Metro 2 Region,24-Nov,12,12,M,Other,CSO,N,Regional OperationsMetro 2 RegionNov 2024OtherMCSONORCS,ORCS,1824,620.95,876.15,2818.9,927.54,1109.15,,195.75
Regional Operations,Barwon South West,24-Nov,3,3,M,Other,GAP,N,Regional OperationsBarwon South WestNov 2024OtherMGAPNORCS,ORCS,456,17.93,-44.72,122.8,124.66,471.1,,44
Regional Operations,Gippsland,24-Nov,1,1,M,Other,GAP,N,Regional OperationsGippslandNov 2024OtherMGAPNORCS,ORCS,152,0,0,3.64,1.75,38,,
Regional Operations,Grampians,24-Nov,2,2,M,Other,GAP,N,Regional OperationsGrampiansNov 2024OtherMGAPNORCS,ORCS,304,69.43,0,61.94,145.43,165.16,,12
Regional Operations,Hume,24-Nov,6,6,M,Other,GAP,N,Regional OperationsHumeNov 2024OtherMGAPNORCS,ORCS,912,17.64,0,367.72,203.87,950.42,,26.75
Regional Operations,Loddon Mallee,24-Nov,3,3,M,Other,GAP,N,Regional OperationsLoddon MalleeNov 2024OtherMGAPNORCS,ORCS,456,29.46,-68.7,25.78,107.21,237,,14
Regional Operations,Metro 1 Region,24-Nov,11,11,M,Other,GAP,N,Regional OperationsMetro 1 RegionNov 2024OtherMGAPNORCS,ORCS,1672,58.74,-20.94,26.94,387.64,893.38,,236.75
Regional Operations,Metro 2 Region,24-Nov,13,13,M,Other,GAP,N,Regional OperationsMetro 2 RegionNov 2024OtherMGAPNORCS,ORCS,1976,60.01,-20.16,10.93,475.77,1226.09,,233.67
Regional Operations,Barwon South West,24-Nov,35,34.83,M,Other,MICA,N,Regional OperationsBarwon South WestNov 2024OtherMMICANORCS,ORCS,5294.16,646.38,1586.11,7458.65,1334.78,4721.63,264,278
Regional Operations,Barwon South West,24-Nov,2,2,M,Other,MICA,N,Regional OperationsBarwon South WestNov 2024OtherMMICANOSM,OSM,304,0,37.5,501.18,57.64,409.36,,12
Regional Operations,Gippsland,24-Nov,30,27.39,M,Other,MICA,N,Regional OperationsGippslandNov 2024OtherMMICANORCS,ORCS,4163.28,1245.3,6.48,4254.33,2181.25,4132.42,,388.33
Regional Operations,Gippsland,24-Nov,1,1,M,Other,MICA,N,Regional OperationsGippslandNov 2024OtherMMICANOSM,OSM,152,57.52,0,191.45,95.52,160,,
Regional Operations,Grampians,24-Nov,18,16.78,M,Other,MICA,N,Regional OperationsGrampiansNov 2024OtherMMICANORCS,ORCS,2550.56,157.93,22.84,2568.72,518.45,2827.76,,253
Regional Operations,Hume,24-Nov,23,20.65,M,Other,MICA,N,Regional OperationsHumeNov 2024OtherMMICANORCS,ORCS,3138.8,458.17,383.43,3456.88,921.46,2631.44,,363.25
Regional Operations,Loddon Mallee,24-Nov,32,32,M,Other,MICA,N,Regional OperationsLoddon MalleeNov 2024OtherMMICANORCS,ORCS,4864,903.15,8.7,4142.86,1804.4,4225.52,,513.25
Regional Operations,Loddon Mallee,24-Nov,2,2,M,Other,MICA,N,Regional OperationsLoddon MalleeNov 2024OtherMMICANOSM,OSM,304,-4.44,0,275.49,33.56,369.4,,24
Regional Operations,Metro 1 Region,24-Nov,2,2,M,Other,MICA,N,Regional OperationsMetro 1 RegionNov 2024OtherMMICANOMPA,OMPA,304,340.75,0,351.41,372.11,333.38,,36
Regional Operations,Metro 1 Region,24-Nov,150,146.41,M,Other,MICA,N,Regional OperationsMetro 1 RegionNov 2024OtherMMICANORCS,ORCS,22254.32,2620.23,133.42,21207.01,5806.44,17103.35,271,2848.3
Regional Operations,Metro 1 Region,24-Nov,4,4,M,Other,MICA,N,Regional OperationsMetro 1 RegionNov 2024OtherMMICANOSM,OSM,608,151.09,289.19,995.92,242.29,448.84,,
Regional Operations,Metro 2 Region,24-Nov,11,10.84,M,Other,MICA,N,Regional OperationsMetro 2 RegionNov 2024OtherMMICANORCS,ORCS,1647.68,126.85,0,1333.72,359.99,830.49,,38
Specialist Operations and Coordination,Barwon South West,24-Nov,7,7,M,Other,MICA,N,Specialist Operations and CoordinationBarwon South WestNov 2024OtherMMICANORCS,ORCS,1064,133.5,0,895.97,327.07,926.71,,76
Specialist Operations and Coordination,Gippsland,24-Nov,6,6,M,Other,MICA,N,Specialist Operations and CoordinationGippslandNov 2024OtherMMICANORCS,ORCS,912,202.65,22.75,1250.14,381.24,463.28,,232
Specialist Operations and Coordination,Grampians,24-Nov,4,4,M,Other,MICA,N,Specialist Operations and CoordinationGrampiansNov 2024OtherMMICANOSM,OSM,608,53.13,359.2,1285.62,143.58,185.5,228,164
Specialist Operations and Coordination,Loddon Mallee,24-Nov,5,5,M,Other,MICA,N,Specialist Operations and CoordinationLoddon MalleeNov 2024OtherMMICANORCS,ORCS,760,375.59,614.78,1565.31,485.79,401.23,,55
Specialist Operations and Coordination,Metro,24-Nov,10,10,M,Other,MICA,N,Specialist Operations and CoordinationMetroNov 2024OtherMMICANOSM,OSM,1520,142.83,0,1122.48,387.36,1175.75,,120
Specialist Operations and Coordination,Metro 1 Region,24-Nov,13,13,M,Other,MICA,N,Specialist Operations and CoordinationMetro 1 RegionNov 2024OtherMMICANORCS,ORCS,1976,-6.49,0,1835.16,211.09,2003.64,152,108.5
Business Technology and Programs,Grampians,24-Nov,14,14,M,Other,Non-RM,N,Business Technology and ProgramsGrampiansNov 2024OtherMNon-RMNOMPA,OMPA,2128,805.07,2154.21,4437.24,895.79,1802.5,,63.6
Business Technology and Programs,Grampians,24-Nov,16,16,M,Other,Non-RM,N,Business Technology and ProgramsGrampiansNov 2024OtherMNon-RMNOSM,OSM,2432,435.03,433.62,2383.87,495.83,1707.9,,234
Business Technology and Programs,Metro,24-Nov,63,62.9,M,Other,Non-RM,N,Business Technology and ProgramsMetroNov 2024OtherMNon-RMNOMPA,OMPA,9560.8,2884.67,4360.5,12130.56,3381.1,8082.31,,176
Business Technology and Programs,Metro,24-Nov,5,5,M,Other,Non-RM,N,Business Technology and ProgramsMetroNov 2024OtherMNon-RMNOSM,OSM,760,167.79,406.6,935.58,198.19,416,,10
Chief Executive,Metro,24-Nov,5,4.8,M,Other,Non-RM,N,Chief ExecutiveMetroNov 2024OtherMNon-RMNOMPA,OMPA,729.6,274.1,29.3,597.11,304.5,486.12,,112
Enterprise Services,Barwon South West,24-Nov,4,4,M,Other,Non-RM,N,Enterprise ServicesBarwon South WestNov 2024OtherMNon-RMNOSM,OSM,608,233.94,782.54,1359.02,385.94,566,,16
Enterprise Services,Gippsland,24-Nov,5,5,M,Other,Non-RM,N,Enterprise ServicesGippslandNov 2024OtherMNon-RMNOSM,OSM,760,262.36,72.66,476.61,435.26,551.5,,32
Enterprise Services,Grampians,24-Nov,6,6,M,Other,Non-RM,N,Enterprise ServicesGrampiansNov 2024OtherMNon-RMNOMPA,OMPA,912,59.52,519.1,1363.42,146.55,766.1,,56
Enterprise Services,Grampians,24-Nov,5,5,M,Other,Non-RM,N,Enterprise ServicesGrampiansNov 2024OtherMNon-RMNOSM,OSM,760,595.7,467.11,1039.08,759.91,576.4,,116
Enterprise Services,Hume,24-Nov,5,5,M,Other,Non-RM,N,Enterprise ServicesHumeNov 2024OtherMNon-RMNOSM,OSM,760,355.6,460.13,1125.49,516.55,489.2,,71
Enterprise Services,Loddon Mallee,24-Nov,3,3,M,Other,Non-RM,N,Enterprise ServicesLoddon MalleeNov 2024OtherMNon-RMNOSM,OSM,456,255.59,317.3,692.75,352.98,380.6,,8
Enterprise Services,Metro,24-Nov,34,32.47,M,Other,Non-RM,N,Enterprise ServicesMetroNov 2024OtherMNon-RMNOMPA,OMPA,4935.44,1449.55,2837.02,7141.52,1846.4,3895.9,,118
Enterprise Services,Metro,24-Nov,22,20.12,M,Other,Non-RM,N,Enterprise ServicesMetroNov 2024OtherMNon-RMNOSM,OSM,3058.24,1078.42,2060.71,5020.73,1515.42,2819.84,63.6,183.1
Office of the Medical Director,Metro,24-Nov,9,0.24,M,Other,Non-RM,N,Office of the Medical DirectorMetroNov 2024OtherMNon-RMNOMPA,OMPA,36.48,0,213.99,268.79,0,28,,
Office of the Medical Director,Metro,24-Nov,3,2.13,M,Other,Non-RM,N,Office of the Medical DirectorMetroNov 2024OtherMNon-RMNOSM,OSM,323.76,212.9,320.07,583.02,228.1,275.85,,2.5
People and Culture,Grampians,24-Nov,1,1,M,Other,Non-RM,N,People and CultureGrampiansNov 2024OtherMNon-RMNOMPA,OMPA,152,4.82,0,136.61,12.42,102.22,,1.58
People and Culture,Metro,24-Nov,16,12.7,M,Other,Non-RM,N,People and CultureMetroNov 2024OtherMNon-RMNOMPA,OMPA,1930.4,695.58,1711.65,3536.29,817.18,1419.39,,205.5
People and Culture,Metro,24-Nov,6,5,M,Other,Non-RM,N,People and CultureMetroNov 2024OtherMNon-RMNOSM,OSM,760,309.24,290.62,732.92,347.24,536,,110
Quality and Clinical Innovation,Metro,24-Nov,4,4,M,Other,Non-RM,N,Quality and Clinical InnovationMetroNov 2024OtherMNon-RMNOMPA,OMPA,608,343.5,255.52,863.52,373.9,466.4,,96
Quality and Clinical Innovation,Metro,24-Nov,2,2,M,Other,Non-RM,N,Quality and Clinical InnovationMetroNov 2024OtherMNon-RMNOSM,OSM,304,16.95,86.99,390.99,32.15,273.6,,
Specialist Operations and Coordination,Metro,24-Nov,23,4.82,M,Other,Non-RM,N,Specialist Operations and CoordinationMetroNov 2024OtherMNon-RMNOMPA,OMPA,732.64,35.82,1259.49,2005.45,43.42,619.9,,31
Specialist Operations and Coordination,Metro,24-Nov,44,10.7,M,Other,Non-RM,N,Specialist Operations and CoordinationMetroNov 2024OtherMNon-RMNORCS,ORCS,1626.4,0,2570.96,4179.57,0,1509,,72
Specialist Operations and Coordination,Metro,24-Nov,22,9.52,M,Other,Non-RM,N,Specialist Operations and CoordinationMetroNov 2024OtherMNon-RMNOSM,OSM,1447.04,776.06,506.79,1847.9,920.46,1711.5,,48.5
Strategy and Engagement,Metro,24-Nov,6,6,M,Other,Non-RM,N,Strategy and EngagementMetroNov 2024OtherMNon-RMNOMPA,OMPA,912,251.4,330.5,991.59,297,557.8,280,16
Business Technology and Programs,Barwon South West,24-Nov,1,1,M,Other,OTHER,N,Business Technology and ProgramsBarwon South WestNov 2024OtherMOTHERNOSM,OSM,152,226.7,32.88,222.88,234.3,38,,
Business Technology and Programs,Grampians,24-Nov,1,1,M,Other,OTHER,N,Business Technology and ProgramsGrampiansNov 2024OtherMOTHERNOSM,OSM,152,151.98,94.43,284.43,159.58,129.2,,
Business Technology and Programs,Metro,24-Nov,1,1,M,Other,OTHER,N,Business Technology and ProgramsMetroNov 2024OtherMOTHERNOMPA,OMPA,152,112.16,219.54,371.54,119.76,147.4,,8
Regional Operations,Barwon South West,24-Nov,8,5.05,M,Other,OTHER,N,Regional OperationsBarwon South WestNov 2024OtherMOTHERNORCS,ORCS,767.6,640.96,490.82,1285.61,772.05,879,,88
Regional Operations,Gippsland,24-Nov,6,3.84,M,Other,OTHER,N,Regional OperationsGippslandNov 2024OtherMOTHERNORCS,ORCS,583.68,162.34,70.54,515.5,263.61,341.83,24,20
Regional Operations,Grampians,24-Nov,1,1,M,Other,OTHER,N,Regional OperationsGrampiansNov 2024OtherMOTHERNORCS,ORCS,152,76.04,44.1,196.1,114.04,156.25,,12
Regional Operations,Hume,24-Nov,2,1,M,Other,OTHER,N,Regional OperationsHumeNov 2024OtherMOTHERNORCS,ORCS,152,79.68,101.36,253.36,117.68,16.75,,
Regional Operations,Loddon Mallee,24-Nov,2,1.52,M,Other,OTHER,N,Regional OperationsLoddon MalleeNov 2024OtherMOTHERNORCS,ORCS,231.04,35.69,73.77,347.53,73.69,60.5,144.4,17.6
Regional Operations,Metro 1 Region,24-Nov,16,11,M,Other,OTHER,N,Regional OperationsMetro 1 RegionNov 2024OtherMOTHERNORCS,ORCS,1672,2019.17,1849.67,3220.98,2417.45,1602,,140
Regional Operations,Metro 2 Region,24-Nov,21,12,M,Other,OTHER,N,Regional OperationsMetro 2 RegionNov 2024OtherMOTHERNORCS,ORCS,1824,2238.52,1380.52,3120.38,2694.52,2158.83,,282.5
Specialist Operations and Coordination,Metro,24-Nov,10,2.3,M,Other,OTHER,N,Specialist Operations and CoordinationMetroNov 2024OtherMOTHERNORCS,ORCS,349.6,1.76,351.22,760.48,1.76,539.42,,20
Specialist Operations and Coordination,Metro 1 Region,24-Nov,1,1,M,Other,OTHER,N,Specialist Operations and CoordinationMetro 1 RegionNov 2024OtherMOTHERNOMPA,OMPA,152,54.15,0,75.36,61.75,,,
Enterprise Services,Metro,24-Nov,13,12.41,M,Other,QAP,N,Enterprise ServicesMetroNov 2024OtherMQAPNOSM,OSM,1886.32,1018.08,895.03,2906.6,1456.92,2176.66,,241.5
Quality and Clinical Innovation,Grampians,24-Nov,1,1,M,Other,QAP,N,Quality and Clinical InnovationGrampiansNov 2024OtherMQAPNOSM,OSM,152,32.74,0,98.91,70.74,124.5,,35.5
Quality and Clinical Innovation,Metro,24-Nov,1,1,M,Other,QAP,N,Quality and Clinical InnovationMetroNov 2024OtherMQAPNOSM,OSM,152,120.45,54.78,206.78,128.05,124,,30
Regional Operations,Barwon South West,24-Nov,181,161.61,M,Other,QAP,N,Regional OperationsBarwon South WestNov 2024OtherMQAPNORCS,ORCS,24564.72,2690,2688.36,22695.47,5716.27,17850.9,1808.6,2281.22
Regional Operations,Barwon South West,24-Nov,7,7,M,Other,QAP,N,Regional OperationsBarwon South WestNov 2024OtherMQAPNOSM,OSM,1064,24.27,0,784.22,170.62,838.59,,80
Regional Operations,Gippsland,24-Nov,163,153.12,M,Other,QAP,N,Regional OperationsGippslandNov 2024OtherMQAPNORCS,ORCS,23274.24,3422.9,150.79,17541.6,7332.52,19287.27,627.75,2056.52
Regional Operations,Gippsland,24-Nov,5,5,M,Other,QAP,N,Regional OperationsGippslandNov 2024OtherMQAPNOSM,OSM,760,278.99,0,826.55,405.64,791.42,,14
Regional Operations,Grampians,24-Nov,101,95.64,M,Other,QAP,N,Regional OperationsGrampiansNov 2024OtherMQAPNORCS,ORCS,14537.28,1747.82,1600.69,13340.81,3814.95,11946.13,984.8,1635.12
Regional Operations,Grampians,24-Nov,2,2,M,Other,QAP,N,Regional OperationsGrampiansNov 2024OtherMQAPNOSM,OSM,304,148.97,123.11,495.38,224.97,306,,63.33
Regional Operations,Hume,24-Nov,162,146.48,M,Other,QAP,N,Regional OperationsHumeNov 2024OtherMQAPNORCS,ORCS,22264.96,3624.37,745.38,18575.95,6985.36,18676.62,510.4,2296.83
Regional Operations,Hume,24-Nov,6,6,M,Other,QAP,N,Regional OperationsHumeNov 2024OtherMQAPNOSM,OSM,912,65.2,53.13,1187.43,181.76,780.18,152,141
Regional Operations,Loddon Mallee,24-Nov,158,152.89,M,Other,QAP,N,Regional OperationsLoddon MalleeNov 2024OtherMQAPNORCS,ORCS,23239.28,3058.13,1844.93,20359.66,6103.34,17700.98,1049.2,1991.43
Regional Operations,Loddon Mallee,24-Nov,3,3,M,Other,QAP,N,Regional OperationsLoddon MalleeNov 2024OtherMQAPNOSM,OSM,456,297.64,487.16,1074.03,335.64,288.33,,14
Regional Operations,Metro,24-Nov,4,4,M,Other,QAP,N,Regional OperationsMetroNov 2024OtherMQAPNORCS,ORCS,608,23.3,0,464.91,127.52,405.37,,48
Regional Operations,Metro,24-Nov,3,3,M,Other,QAP,N,Regional OperationsMetroNov 2024OtherMQAPNOSM,OSM,456,372.86,0,303.71,486.86,422.34,,84
Regional Operations,Metro 1 Region,24-Nov,1,1,M,Other,QAP,N,Regional OperationsMetro 1 RegionNov 2024OtherMQAPNOMPA,OMPA,152,166.57,10.4,162.4,174.17,197.25,,
Regional Operations,Metro 1 Region,24-Nov,449,394.88,M,Other,QAP,N,Regional OperationsMetro 1 RegionNov 2024OtherMQAPNORCS,ORCS,60021.76,3531.11,704.43,42527.51,11059.69,47416.04,1846.45,6018.29
Regional Operations,Metro 1 Region,24-Nov,12,12,M,Other,QAP,N,Regional OperationsMetro 1 RegionNov 2024OtherMQAPNOSM,OSM,1824,257.82,0,1518.57,584.42,1387.93,18.05,235.5
Regional Operations,Metro 2 Region,24-Nov,5,5,M,Other,QAP,N,Regional OperationsMetro 2 RegionNov 2024OtherMQAPNOMPA,OMPA,760,79.09,0,425.75,159.14,815.36,,30
Regional Operations,Metro 2 Region,24-Nov,547,501.67,M,Other,QAP,N,Regional OperationsMetro 2 RegionNov 2024OtherMQAPNORCS,ORCS,76253.84,6151.71,410.32,59318.23,16547.74,59661.05,2616.2,8811.85
Regional Operations,Metro 2 Region,24-Nov,18,18,M,Other,QAP,N,Regional OperationsMetro 2 RegionNov 2024OtherMQAPNOSM,OSM,2736,418.92,124.05,2239.85,709.11,2240.63,,389.68
Specialist Operations and Coordination,Grampians,24-Nov,21,21,M,Other,QAP,N,Specialist Operations and CoordinationGrampiansNov 2024OtherMQAPNOSM,OSM,3192,469.72,510.23,4118.44,869.82,1894.1,152,401
Specialist Operations and Coordination,Metro,24-Nov,86,72.46,M,Other,QAP,N,Specialist Operations and CoordinationMetroNov 2024OtherMQAPNOSM,OSM,11013.92,1301.71,319.67,9679.2,2741.03,8274.36,680,1096.64
Specialist Operations and Coordination,Metro 1 Region,24-Nov,12,11.71,M,Other,QAP,N,Specialist Operations and CoordinationMetro 1 RegionNov 2024OtherMQAPNORCS,ORCS,1779.92,216.73,207.59,1984.05,404.37,1099.77,,230
Specialist Operations and Coordination,Metro 1 Region,24-Nov,8,8,M,Other,QAP,N,Specialist Operations and CoordinationMetro 1 RegionNov 2024OtherMQAPNOSM,OSM,1216,73.46,152.79,1405.02,248.5,972.55,,244.45
Regional Operations,Metro 2 Region,24-Nov,1,1,N,<25,QAP,N,Regional OperationsMetro 2 RegionNov 2024<25NQAPNORCS,ORCS,152,10.42,0,59.92,48.42,151.01,,12
Regional Operations,Metro 1 Region,24-Nov,1,1,N,Other,GAP,N,Regional OperationsMetro 1 RegionNov 2024OtherNGAPNORCS,ORCS,152,0,0,26.58,32.43,109.18,,20
Office of the Medical Director,Metro,24-Nov,1,0.05,N,Other,Non-RM,N,Office of the Medical DirectorMetroNov 2024OtherNNon-RMNOMPA,OMPA,7.6,0,2.3,12.3,0,,,
Specialist Operations and Coordination,Metro,24-Nov,1,0.02,N,Other,Non-RM,N,Specialist Operations and CoordinationMetroNov 2024OtherNNon-RMNORCS,ORCS,3.04,0,50.78,55.78,0,,,
Regional Operations,Hume,24-Nov,1,1,N,Other,QAP,N,Regional OperationsHumeNov 2024OtherNQAPNORCS,ORCS,152,85.02,0,184.94,123.02,,,
,,,,,,,,,,,,,,,,,,
,,,,,,,,,,,,,,,,,,
,,,,,,,,,,,,,,,,,,
,,,,,,,,,,,,,,,,,,
,,,,,,,,,,,,,,,,,,
